IDventa,Numero de Ticket,Nombre cliente,IDVendedor
1,1000,Belen Antúnez Macias,6
2,1001,Jennifer Valle Iglesia,5
3,1002,Wilfredo Acuña Ribes,6
4,1003,Manu Ariño Manzanares,4
5,1004,Raimundo Prats Talavera,4
6,1005,Jordi Manuel Ferrándiz Amador,5
7,1006,Maxi Manzano Valenciano,4
8,1007,Emelina Méndez Martínez,1
9,1008,Jose Francisco Toledo Requena,9
10,1009,Amor Abella Hierro,3
11,1010,Claudio Girona-Ojeda,3
12,1011,Carmina Plana Almazán,8
13,1012,Marta Soto,2
14,1013,Aristides Albano Carvajal Domingo,9
15,1014,Pascual Sola Olmedo,10
16,1015,Iván Feijoo Montoya,3
17,1016,Marita Castilla-Sarabia,9
18,1017,Rosario Ropero Ortiz,2
19,1018,Aurelia Giner Carrera,9
20,1019,Jose Francisco Godofredo Garrido Sarabia,5
21,1020,Ofelia Quintanilla Agustín,4
22,1021,Dani del Mateo,8
23,1022,Virginia Cuéllar Estevez,6
24,1023,Jeremías Huertas-Espada,5
25,1024,Severino Saavedra Benavente,7
26,1025,Jordán Perales Revilla,1
27,1026,Dorotea Emilia Lumbreras Escrivá,9
28,1027,Guadalupe de Cerdán,1
29,1028,María Dolores Porta Agudo,10
30,1029,Cosme Benítez Alemán,2
31,1030,Fortunato Torralba Olmo,2
32,1031,Consuela Fuster Oliver,5
33,1032,Eloísa Luján Ariza,2
34,1033,Marcio Chacón Borrell,5
35,1034,Geraldo Cobos Escalona,4
36,1035,Agapito Galván Gimeno,6
37,1036,Gastón Segura Clavero,6
38,1037,Bernarda Lopez Mena,4
39,1038,Victor del Baquero,5
40,1039,Modesto del Casals,3
41,1040,Lázaro Barriga Tomas,9
42,1041,Cleto Valbuena Vilaplana,1
43,1042,Berto del Ferrera,6
44,1043,Quique Uriarte Pina,10
45,1044,Nydia Borrás Barrio,9
46,1045,Loreto Jerónimo Ojeda Zaragoza,7
47,1046,Ana Belén Rosalina Canet Ángel,6
48,1047,Graciela Tapia Pera,10
49,1048,Gracia de Hoyos,2
50,1049,Esperanza Guerra Menéndez,6
51,1050,Salomé de Paz,10
52,1051,Ágata del Juárez,2
53,1052,Trinidad Escamilla Pellicer,2
54,1053,Begoña Tania Palmer Morante,3
55,1054,Elisa Uriarte Calvo,5
56,1055,Cirino Segarra,2
57,1056,Gracia Navarro Bermejo,8
58,1057,Jacobo Martín-Jimenez,5
59,1058,Fidela Carbonell Rivas,5
60,1059,Ernesto Peñas,6
61,1060,Eliseo Gutierrez Grande,4
62,1061,Rómulo Sarmiento Cortina,4
63,1062,Roberto Pombo-Leon,4
64,1063,Victor Rios,2
65,1064,Encarnación Peiró Pedrosa,6
66,1065,Natividad Marisol Alcalde Rius,1
67,1066,Vicenta del Escribano,2
68,1067,Marcio Edu Heredia Rosselló,9
69,1068,Yaiza Bárcena Esteve,6
70,1069,Aura Vargas Canales,1
71,1070,Victor Manuel Vega Palmer,7
72,1071,Albert Prat,5
73,1072,Mamen García-Bravo,8
74,1073,Florentina Tena Jordá,2
75,1074,Samu Ródenas Sebastián,8
76,1075,Dani Morata,10
77,1076,Enrique Benavides-Quevedo,8
78,1077,Marcos Gibert Nevado,7
79,1078,Aarón Valencia,1
80,1079,Alba Boix Rodrigo,6
81,1080,Jose Francisco Peral Blasco,7
82,1081,Celestino Sandoval Vizcaíno,10
83,1082,Loida Casares Almazán,3
84,1083,Atilio Abascal Aranda,8
85,1084,Ezequiel Cuesta,5
86,1085,Martín Ferrández Royo,5
87,1086,Felicia Parejo-Álvarez,4
88,1087,Sol del Cano,10
89,1088,Nilo Gracia Antón,5
90,1089,Marina Tamarit Losa,5
91,1090,Oriana Morera-Mendizábal,4
92,1091,Joel Saldaña Salvador,4
93,1092,Salvador Mercader Muñoz,3
94,1093,Ligia Abellán,10
95,1094,Plácido Amigó Cerezo,4
96,1095,Reyes Niño Cervera,2
97,1096,Edmundo Montero Anaya,6
98,1097,Rebeca Morcillo Mascaró,4
99,1098,Sabas Sanz,6
100,1099,Corona Cisneros Martinez,3
101,1100,Mario Blas Bustamante Macias,6
102,1101,Graciana Gual-Benavides,6
103,1102,Olalla Palmer Zabaleta,10
104,1103,Roberta Casal,10
105,1104,Íngrid Asenjo Catalá,3
106,1105,Maura Bravo Sierra,7
107,1106,Pili Arcos,4
108,1107,Fito del Valero,4
109,1108,Laura Murillo Sedano,8
110,1109,Alberto Delgado Guillen,8
111,1110,Tatiana Ferrero-Higueras,4
112,1111,Natalio Calvet-Aranda,10
113,1112,Óscar Cañete Tena,3
114,1113,Encarnación Chaparro-Botella,5
115,1114,Luciano Jacobo Canals Tejada,7
116,1115,Luis Ángel Pla Torrens,4
117,1116,Angélica Hervás Perelló,4
118,1117,Melchor Cárdenas Guerrero,5
119,1118,Adolfo de Matas,10
120,1119,Darío Requena Ferrando,6
121,1120,Amalia Vilalta Figuerola,2
122,1121,Marta Palma Arnaiz,8
123,1122,Lorenza Santamaría,2
124,1123,Cloe Rico,4
125,1124,Aureliano Sanjuan Marín,3
126,1125,Jerónimo Andres Saavedra,4
127,1126,Fulgencio Mesa Benavent,7
128,1127,Yaiza Iriarte Somoza,5
129,1128,Alicia de Barco,5
130,1129,Federico de Ruano,8
131,1130,Begoña Guzman Losa,2
132,1131,Augusto Pablo Briones,4
133,1132,Anselma Laguna Cabo,3
134,1133,Natividad Estrella Nogués Lillo,6
135,1134,Andrés Cabo Céspedes,4
136,1135,Jose de Blanca,3
137,1136,Valerio Pagès Segarra,4
138,1137,Armando Campos,6
139,1138,Jose Miguel Mora Aguiló,2
140,1139,Basilio Contreras Luque,9
141,1140,Mónica Llanos Lara,4
142,1141,Candelaria Yaiza Palmer Castellanos,10
143,1142,Lidia Bárcena Prada,3
144,1143,Domingo Salazar Barrena,10
145,1144,Petrona Redondo Carlos,9
146,1145,Estefanía Conesa Amigó,2
147,1146,Carla Castrillo Castro,7
148,1147,Cipriano del Anglada,5
149,1148,María Morante Arévalo,10
150,1149,Imelda Eliana Sanabria Pavón,10
151,1150,Herminio Sala Badía,7
152,1151,Ovidio Huerta Ureña,2
153,1152,Alexandra Baquero Montaña,10
154,1153,Jimena Soto Sales,9
155,1154,Tatiana Máxima Roman Borja,6
156,1155,Nilo Vargas,4
157,1156,Begoña Uría-Jiménez,5
158,1157,Ángela Cases Amor,7
159,1158,Eugenia Anaya-Escobar,7
160,1159,Teresita Pozo Guardiola,8
161,1160,Jaime Ruperto Alberola Quero,1
162,1161,Fabiana Piñol Amor,1
163,1162,Teodora Quesada,2
164,1163,Ana Sofía de Piña,7
165,1164,Eulalia Alejandra Barberá Olivera,1
166,1165,Marisa Andreu-Almagro,6
167,1166,Julián José Antonio García Lago,5
168,1167,Juan Bautista Nebot Barrena,7
169,1168,Felipe Elías,3
170,1169,Edgardo Andreu,5
171,1170,Isabela Arce Salamanca,3
172,1171,Leoncio Higueras Corbacho,5
173,1172,Jovita Guardia Aroca,8
174,1173,Evelia del Campos,7
175,1174,Bruno Plana Gisbert,2
176,1175,Haroldo Macias,6
177,1176,Emilio Pujadas Garriga,6
178,1177,Eligio Alegria Guerrero,8
179,1178,Esperanza Requena-Sacristán,7
180,1179,Máximo Capdevila Garrido,5
181,1180,Graciela Robledo Carmona,6
182,1181,Rosendo Eustaquio Carranza Alfonso,6
183,1182,Roxana Rebeca Hernández Contreras,8
184,1183,Victor Alberto Acosta,2
185,1184,Juan Luis Ferrera-Alba,8
186,1185,Nazaret Antón Santos,4
187,1186,Ángel Marín-Mur,4
188,1187,Susanita del Ricart,3
189,1188,Palmira Canals,4
190,1189,Mariana de Barragán,6
191,1190,Ale Diez Díaz,4
192,1191,Iker Meléndez Leon,2
193,1192,Joan de Bou,2
194,1193,Rufino Pavón-Acevedo,5
195,1194,Lucio Girón Exposito,6
196,1195,Cruz Acuña Pina,9
197,1196,Cirino de Fuster,1
198,1197,Ale Verdugo Díaz,8
199,1198,Julia Gisbert Meléndez,8
200,1199,Ángel de Valbuena,7
201,1200,Plinio Garay Lozano,3
202,1201,Perla Ainara Vara Riera,4
203,1202,Susanita Ojeda,9
204,1203,Albert Guardia Blanco,4
205,1204,Gabriela Pelayo Expósito,8
206,1205,Cristian Duran Cañas,1
207,1206,Caridad Araceli Planas Ibañez,10
208,1207,Ricardo Navas Lerma,5
209,1208,Amando del Sala,6
210,1209,Angelina Granados Esparza,5
211,1210,Laura Ballester Cañizares,10
212,1211,Sabas Alemany Pera,10
213,1212,Alonso Adadia Mur,9
214,1213,Úrsula Emilia Ferrando Maestre,7
215,1214,Blas Monreal Escamilla,9
216,1215,Alejandra Vara Guardia,10
217,1216,Diana Santiago Aguilera,4
218,1217,Che Sanmiguel Carreño,6
219,1218,Eulalia Bilbao Pacheco,2
220,1219,Adriana Alcalá Plana,3
221,1220,Clarisa Millán Cobo,10
222,1221,Anacleto Torrijos,1
223,1222,Ovidio Samper Gabaldón,2
224,1223,Rosario Egea,2
225,1224,Pepe Torrent Rocha,10
226,1225,Celia Barón,9
227,1226,Matías Vega Blazquez,4
228,1227,Olegario Castell,10
229,1228,Calisto Tomé,4
230,1229,Isidora Campo Arco,7
231,1230,Lorenza Múgica Granados,10
232,1231,Dimas Seve Donoso Huguet,5
233,1232,Abril Portillo Vargas,9
234,1233,Paloma Marqués Casanova,9
235,1234,Jennifer Cases-Bosch,8
236,1235,Hector Ortuño Gallego,10
237,1236,Dionisio Villanueva Mas,4
238,1237,Néstor Cuadrado Aguirre,7
239,1238,Mauricio Cerro,1
240,1239,Calista Escamilla Berrocal,5
241,1240,Paula Ocaña Pacheco,8
242,1241,Alcides Lucas Lasa Piñeiro,2
243,1242,Cosme Adán Sanmiguel,3
244,1243,Cipriano Campoy Reig,6
245,1244,Apolinar Bello Castejón,9
246,1245,Manu Zabala Almeida,5
247,1246,Hipólito del Alfonso,5
248,1247,Javi Teruel,4
249,1248,Pía Quintero Pellicer,1
250,1249,Prudencio Rodrigo Córdoba,8
251,1250,Flora Casares Sancho,3
252,1251,Marcial del Moll,2
253,1252,Ibán Llopis-Rosado,6
254,1253,Morena Alvarado Verdú,10
255,1254,Perlita Adán Clemente,8
256,1255,Julián Cañete Robledo,8
257,1256,Adelardo Salmerón Vidal,3
258,1257,Rosalva Galindo Mayol,1
259,1258,Fidel del Atienza,1
260,1259,María Luisa Manzano Andrés,9
261,1260,Obdulia Aguilera-Castelló,1
262,1261,María José Zorrilla-Benavent,6
263,1262,Armando de Puga,1
264,1263,Berta del Rincón,8
265,1264,Aristides Barriga Cobos,10
266,1265,Ascensión Fabregat Izquierdo,2
267,1266,Jeremías Osuna Coll,1
268,1267,Teo de Sandoval,1
269,1268,Olimpia Roma-Perelló,1
270,1269,Nélida Bejarano,7
271,1270,Yéssica Yáñez Azorin,10
272,1271,Sosimo de Fuentes,9
273,1272,Hilda Pomares Bello,3
274,1273,Severo Ponce Bauzà,2
275,1274,Anita Mendez,8
276,1275,Socorro Reig Checa,5
277,1276,Priscila Bernat Villaverde,4
278,1277,Flavia Diego Gálvez,10
279,1278,Carina Somoza Echevarría,6
280,1279,Amancio Sobrino Gomis,1
281,1280,Victor Leon Lloret,10
282,1281,Edu Rivero Torre,4
283,1282,Severino Robles Valencia,10
284,1283,Esperanza Vidal Capdevila,7
285,1284,Pánfilo Ortega-Uría,8
286,1285,María Carmen Torrent Agullo,2
287,1286,Jose Carlos Andreu Pozuelo,7
288,1287,Cristian Zaragoza Rodríguez,4
289,1288,Eduardo Gonzalo Muñoz,6
290,1289,Demetrio Jurado España,1
291,1290,Imelda Agustín Cervantes,10
292,1291,Nazario Julián-Pedrosa,5
293,1292,Jerónimo Huerta Bastida,4
294,1293,Yéssica Luján Llopis,10
295,1294,Calixta Larrañaga Calvo,9
296,1295,Juan Pablo Giner Peñas,9
297,1296,Patricia Hervia Madrigal,8
298,1297,Primitivo Perelló Gelabert,2
299,1298,Odalis Rodríguez,5
300,1299,Marcial de Gallardo,5
301,1300,Encarna Serafina Román Sola,10
302,1301,Lorenzo Valencia-Casado,2
303,1302,Borja Carrillo Bello,7
304,1303,Fermín del Uriarte,7
305,1304,Silvio Pla Llorens,9
306,1305,Elba Solera Llabrés,9
307,1306,Atilio Sales Roselló,10
308,1307,Felix Luján Valle,1
309,1308,Filomena Berenguer Blasco,6
310,1309,Abraham Valdés Nadal,8
311,1310,Yéssica Recio Trujillo,8
312,1311,Sara Arana Caparrós,10
313,1312,Zacarías de Manjón,2
314,1313,Petrona Gonzalo-Berenguer,1
315,1314,Abigaíl Viana Guijarro,4
316,1315,Severiano Jáuregui Mayoral,5
317,1316,Vera Ferrándiz Morera,8
318,1317,Desiderio del Portillo,1
319,1318,Isa Nuñez Querol,7
320,1319,Cristina Paca Cerdá Portillo,2
321,1320,José Antonio de Blanch,7
322,1321,Bienvenida Arias Heredia,1
323,1322,Loreto Andres Luján,3
324,1323,Gertrudis Almansa Merino,9
325,1324,Vidal Plana Abascal,4
326,1325,Mariana del Blázquez,7
327,1326,Alba Fernandez-Pellicer,5
328,1327,Herberto Bernardino Español Valderrama,4
329,1328,Ángeles Ligia Molins Pardo,8
330,1329,Jacinto Domínguez Gomila,5
331,1330,Toño Baeza Arranz,3
332,1331,Corona Calzada Barrios,5
333,1332,Mercedes Aragonés-Sanchez,10
334,1333,Miguela Álvarez-Gascón,1
335,1334,Galo Marin Pinilla,5
336,1335,Pepito Llobet Nadal,9
337,1336,Ascensión Arregui Cano,10
338,1337,Julie Cuervo Machado,2
339,1338,Aurelio Antúnez Bastida,10
340,1339,Rosaura Padilla Barrera,8
341,1340,Elvira Segura,7
342,1341,Gloria Bayona-Gimeno,3
343,1342,Maite Céspedes-Solé,5
344,1343,Feliciano Ferrero Carreño,2
345,1344,Ana Belén Perea,8
346,1345,Eloy de Sobrino,4
347,1346,Adrián Castell,2
348,1347,Zaira de Cerro,9
349,1348,Valerio Pol Oller,10
350,1349,Ciríaco Gibert Bou,6
351,1350,Inmaculada Elías Saavedra,5
352,1351,Eli Peñas Montaña,3
353,1352,Epifanio del Valle,9
354,1353,Beatriz Nadia Pol Olivera,7
355,1354,Julieta Narváez,3
356,1355,Marita Arteaga,7
357,1356,Lourdes Codina Capdevila,10
358,1357,Iris Tejera Perales,1
359,1358,María Fernanda Cabanillas Gutiérrez,10
360,1359,Manolo Jordán Pedraza,3
361,1360,Octavio Ibañez,6
362,1361,Silvestre Taboada-Corbacho,5
363,1362,Luciano Palomares Lasa,4
364,1363,Paco Lloret León,4
365,1364,Marta Villena Castrillo,5
366,1365,Manuel Soler Ramón,2
367,1366,Eulalia Blanes Mendizábal,7
368,1367,Heliodoro Crespi Giralt,1
369,1368,Primitivo Molina,7
370,1369,Timoteo Sarmiento Somoza,5
371,1370,Octavio Egea-Exposito,9
372,1371,Bruno Iniesta Gámez,9
373,1372,Griselda Font Suárez,3
374,1373,Gonzalo Iker Heras Vizcaíno,1
375,1374,Jessica Albina Castellanos Gual,1
376,1375,Isa Aguirre Parra,3
377,1376,Tatiana Artigas-Gisbert,9
378,1377,Teo Vicente Villena,8
379,1378,Amaro del Gomila,3
380,1379,Florina Campos Pol,2
381,1380,Fabiola Alfonso Echeverría,10
382,1381,Emelina Vallejo Sáez,8
383,1382,Ligia Palomares Asensio,3
384,1383,Tatiana Tolosa Calvo,10
385,1384,Nydia Tamarit Torres,8
386,1385,Francisco Jose Sosa Lozano,5
387,1386,Luis Ángel Múñiz Villalonga,2
388,1387,Ariel Roman Esteve,3
389,1388,Aitana Valcárcel Molins,3
390,1389,Lilia Cañete Bernad,5
391,1390,Jose Carlos Querol Ramirez,4
392,1391,Ignacio Castro Barroso,7
393,1392,Agustín Royo Abad,9
394,1393,Paola Marín Ortega,9
395,1394,Manuelita del Blázquez,1
396,1395,Alfredo Valerio Arnaiz Canet,4
397,1396,Íñigo Muñoz Conde,2
398,1397,Abril de Mascaró,8
399,1398,Juan Carlos Águila Cueto,5
400,1399,Salud Morante Nebot,2
401,1400,Zacarías Manu Romero Hernandez,10
402,1401,Ofelia Rosales Guardia,5
403,1402,Pánfilo del Alemán,3
404,1403,Jaime Campillo,8
405,1404,Anunciación Peláez Benítez,1
406,1405,Florencio Blazquez Jaén,8
407,1406,Reina Oliva,4
408,1407,Lourdes Araujo-Doménech,6
409,1408,Eugenia Sonia Roldan Saavedra,2
410,1409,María Cristina Montes Llorente,3
411,1410,Dani Hierro Sáenz,7
412,1411,Rolando Mayol-Tena,5
413,1412,Maristela Feliu Andreu,6
414,1413,Armida Cuéllar Calleja,4
415,1414,Lina Quintanilla Santana,8
416,1415,Noa Acuña Alvarez,1
417,1416,Mirta Calderon-Esteve,2
418,1417,Delia del Echeverría,5
419,1418,Zaida Valencia Laguna,3
420,1419,Mónica Giralt Sánchez,5
421,1420,Moisés Tejada Duarte,9
422,1421,Albert Montoya Gallego,2
423,1422,Valero Sebastián Lopez,6
424,1423,Benito Tiburcio Ortega Rosselló,1
425,1424,María Del Carmen Valenzuela Ferreras,10
426,1425,Sandra Martin-Corral,5
427,1426,Alexandra Verdugo Girón,5
428,1427,Tomás Simó Vargas,8
429,1428,Pepe Azcona Santiago,1
430,1429,Candelas Nerea Cabeza Palacio,2
431,1430,Ana Sofía Amarilis Pineda Aguirre,4
432,1431,Chucho Pedraza Novoa,3
433,1432,Florencia de Olivé,5
434,1433,Pelayo Corbacho Sans,4
435,1434,Simón de Duarte,3
436,1435,Javi Soler-Solís,3
437,1436,Guadalupe Pozuelo Marcos,9
438,1437,Jaime Aguado Rocha,6
439,1438,Rita Farré Borrell,7
440,1439,Salomé Acosta Torrecilla,3
441,1440,Cornelio Agudo Llano,1
442,1441,Rebeca Ruano Martín,5
443,1442,Visitación Peñas Llanos,2
444,1443,Mariana Prats Llanos,5
445,1444,Rolando Pina Peñalver,8
446,1445,Maricela Carrasco Ramírez,8
447,1446,Eli Izquierdo Heredia,1
448,1447,Manuel Pozo Cerezo,5
449,1448,Leocadio Pera Cáceres,9
450,1449,León Donaire,2
451,1450,Teófila Galán,8
452,1451,Carlota Goicoechea,6
453,1452,Jose Angel Guardia Roura,4
454,1453,Desiderio Vives,3
455,1454,Sebastián Mateos Bernat,5
456,1455,Fernando Cuesta Villaverde,7
457,1456,Nereida Castelló Guijarro,2
458,1457,Lina Alcázar Donoso,2
459,1458,José María Acero,10
460,1459,María Manuela Almeida Segovia,10
461,1460,Baudelio Soria Mur,2
462,1461,Domingo Valera Navarrete,1
463,1462,Anabel Carrión Ferrando,10
464,1463,Isabela Lucas-Narváez,4
465,1464,María Pilar Rius Ropero,8
466,1465,César Ojeda Bartolomé,6
467,1466,Raúl Lerma-Colomer,7
468,1467,Fortunato Alcántara,9
469,1468,Bienvenida Llanos Bertrán,3
470,1469,Marcela Pazos Múgica,5
471,1470,Basilio Patiño Martorell,3
472,1471,Eli Ortega-Almansa,3
473,1472,Maximiano Estevez Carbajo,2
474,1473,Jose Angel Serrano Monreal,4
475,1474,Esteban Sales-Cid,2
476,1475,Florencia Uribe Morell,8
477,1476,Rico Luz Fajardo,7
478,1477,Tadeo Ballesteros Serna,5
479,1478,Isaías Elías Perez,5
480,1479,Otilia del Camacho,7
481,1480,Leyre Ripoll,7
482,1481,Mirta Nogués Tello,1
483,1482,África Ferrero Donoso,2
484,1483,Esther del Villalonga,10
485,1484,Paco Aguirre,2
486,1485,Xavier Vergara,6
487,1486,Mario de Rivera,1
488,1487,Adora Reyes Ortega Hernández,7
489,1488,Lina Vila-Quirós,7
490,1489,Berta Llopis Murcia,4
491,1490,Isaac Bilbao Carrera,10
492,1491,Carla Calvet Ayuso,1
493,1492,Flora Cobo,1
494,1493,Ruperta Armengol-Simó,1
495,1494,Jose Salgado Gallardo,5
496,1495,Toribio Losada López,8
497,1496,Calista Ferrán Cuenca,9
498,1497,Nazario Múñiz Carreras,8
499,1498,Isaura Palmer Córdoba,10
500,1499,Angelina Domínguez Fernandez,6
501,1500,Clara Florentina Sáenz Morera,4
502,1501,Marc Lladó Olivera,8
503,1502,Fidel Armando Guerra Borja,2
504,1503,Quirino Fernandez Canales,9
505,1504,Norberto Aragón Oliva,1
506,1505,Amalia Palomar Garcés,5
507,1506,Vasco Cifuentes Rivera,7
508,1507,Dorotea Lopez-Gual,5
509,1508,Luís Pinedo-Perelló,8
510,1509,Chita Andrés-Sierra,2
511,1510,María Cristina Manjón Duarte,7
512,1511,Rebeca Camacho Prieto,2
513,1512,Matilde Sarita Ibañez Maestre,1
514,1513,Irene Alfaro-Hernández,10
515,1514,Amada Ferreras Lladó,5
516,1515,Dafne Ariño-Quintana,1
517,1516,Álvaro Aguado Tapia,9
518,1517,Diana Ortiz Bautista,3
519,1518,Cándido Mármol Expósito,2
520,1519,Nieves Puga Quero,10
521,1520,Iker Beltran Puga,1
522,1521,Chuy Lucena Lasa,7
523,1522,Jenny Aránzazu Lumbreras Recio,3
524,1523,Felisa Patricia Caro Alemany,7
525,1524,Pelayo del Mena,7
526,1525,Sebastián Osvaldo Salvà Abellán,10
527,1526,Rosalinda Mur,7
528,1527,Nilo Muñoz,3
529,1528,Fabio Andrade Prat,3
530,1529,Baldomero Osuna Agullo,6
531,1530,Pastor Barrio-Adán,3
532,1531,Borja de Fabra,5
533,1532,Borja del Bas,9
534,1533,Reyna Maestre Muro,5
535,1534,Chus del Gutiérrez,5
536,1535,Custodia Bravo-Tapia,1
537,1536,Mariana Berrocal Larrañaga,4
538,1537,Albina Valencia Murillo,10
539,1538,Leandro Iglesia Saura,2
540,1539,Jovita Uriarte Arnaiz,9
541,1540,Apolonia Anna Bárcena Coloma,6
542,1541,Amador Melchor Porras Busquets,4
543,1542,Valeria Soler-Tamarit,9
544,1543,Yaiza Jaén Piña,8
545,1544,Genoveva de Alvarez,3
546,1545,Rebeca Tomé Moraleda,10
547,1546,Ciro Morcillo-Gárate,10
548,1547,Alicia Almansa Francisco,7
549,1548,Marc Alcázar Daza,10
550,1549,Juanito Carmona Cañizares,5
551,1550,Heraclio Flores Ibarra,3
552,1551,Sigfrido Rico Ángel,1
553,1552,Antonio Pastor Carretero Ariño,7
554,1553,Hortensia Miralles Naranjo,7
555,1554,Remedios Jessica Espejo Feliu,7
556,1555,Loida Madrigal Pont,4
557,1556,Melchor Catalá Cabrera,9
558,1557,Gervasio Saavedra-Casado,4
559,1558,Álvaro Cabrero-Carretero,4
560,1559,Ciriaco Acero Escudero,8
561,1560,Benigno Tejada,2
562,1561,Felipe Donato Rebollo Sánchez,1
563,1562,Reyes Contreras Ferrández,7
564,1563,Rufino Fuertes Font,8
565,1564,Lupita Hoz-Larrea,4
566,1565,Elisabet Saldaña Lobato,4
567,1566,Ramón Macario Guitart Sáez,7
568,1567,Norberto Alvarez Ribera,7
569,1568,Toribio Luque,3
570,1569,Damián Riera Valenzuela,2
571,1570,Octavio Nogués Castillo,8
572,1571,Pastor de Báez,7
573,1572,Alberto Roman Guzmán,10
574,1573,Edelmira Orozco Soriano,7
575,1574,Genoveva Oriana Saldaña Guitart,1
576,1575,Agustín Sáenz Asensio,9
577,1576,Carolina Navarrete Otero,9
578,1577,Felisa Galán Pinedo,1
579,1578,Nicolasa Exposito Cordero,10
580,1579,José María Emilio Carrasco Olmedo,5
581,1580,Alejandro Cuadrado-Sureda,8
582,1581,Yésica Álvarez-Pina,1
583,1582,Crescencia Valverde Carmona,5
584,1583,Silvio Eleuterio Lloret Castilla,1
585,1584,Chuy Castilla Melero,2
586,1585,Dafne Miró Roma,5
587,1586,Eligio Navas-Artigas,7
588,1587,Albino Zapata,4
589,1588,Erasmo Padilla Iglesias,6
590,1589,Jenaro Amaya Guardiola,10
591,1590,Graciela del Lasa,2
592,1591,Zacarías Rolando Pons Marin,8
593,1592,Camilo Robles,7
594,1593,Olivia Figueroa Gras,1
595,1594,Odalys García Reig,6
596,1595,Elodia Cantero,3
597,1596,Albano Régulo Torres Caballero,5
598,1597,Concha Torrijos Sosa,7
599,1598,Osvaldo de Cortina,3
600,1599,Ismael Bernardo Pou Olmedo,10
601,1600,Abilio Pomares,3
602,1601,Begoña Esparza Dominguez,6
603,1602,Loreto Girona Rovira,10
604,1603,Sonia Ale Mosquera García,6
605,1604,Darío Estevez Escobar,5
606,1605,Hilda Castro Suárez,10
607,1606,Loida Villar-Bilbao,7
608,1607,Albino Daza,10
609,1608,Paca Batalla-Meléndez,9
610,1609,Moreno Lázaro Arenas Fábregas,8
611,1610,Clímaco César Feijoo Barragán,8
612,1611,Carmen del Ibáñez,3
613,1612,Gil del Calderón,10
614,1613,Toribio Fabra Martínez,6
615,1614,Jose Manuel de Vélez,6
616,1615,Valentín Roldán,6
617,1616,Silvio de Peralta,6
618,1617,Íngrid del Campo,8
619,1618,Silvia Llabrés-Almansa,7
620,1619,Jorge Muñoz,10
621,1620,América Donoso-Fiol,7
622,1621,Amador Giralt Hernando,9
623,1622,Rosario Mariño Vicente,1
624,1623,Ariadna Barral Leal,9
625,1624,Josefa Vargas Cepeda,3
626,1625,Clímaco Cánovas Mosquera,5
627,1626,Rosalía de Canals,5
628,1627,Calista Mayo Murcia,9
629,1628,Juan Antonio Daza Tolosa,2
630,1629,Virginia de Agullo,1
631,1630,Zaira Conesa Ríos,3
632,1631,Ignacia Parra-Valle,6
633,1632,Cristian de Casas,8
634,1633,Adrián Torrijos Adán,5
635,1634,Leonel Gustavo Corominas Diaz,9
636,1635,Victor Julio César Prada Blazquez,5
637,1636,Mauricio Durán Murcia,8
638,1637,Leandro Pino Aliaga,5
639,1638,Andrés Felipe Cabrero Bernal,2
640,1639,Crescencia Torralba Taboada,2
641,1640,Florina Garrido,1
642,1641,Venceslás Zabala Isern,10
643,1642,Salvador Cifuentes-Guitart,4
644,1643,Miriam Cámara,1
645,1644,Agustina Gámez Campos,7
646,1645,Constanza Roura Palomo,5
647,1646,Marisol Solís Rodríguez,4
648,1647,América Palomares Andres,9
649,1648,Noelia Garrido Plana,2
650,1649,Américo Soria Gabaldón,5
651,1650,Plinio Puente Pombo,4
652,1651,Margarita Prado-Molins,7
653,1652,Victoria Costa Donoso,2
654,1653,Jaime Sans Vergara,6
655,1654,Agapito Eutimio Duran Benavent,8
656,1655,Francisco Jose Talavera Esparza,10
657,1656,Sonia Seco,7
658,1657,Jenaro del Collado,1
659,1658,Segismundo Cañizares Miranda,4
660,1659,Claudia Fernanda Quesada Pedro,8
661,1660,Leocadio Néstor Bautista Berenguer,8
662,1661,Victor Giralt Borja,9
663,1662,Dafne Batalla Pallarès,10
664,1663,Nicolás de Piñeiro,5
665,1664,Ignacia Badía-Huerta,1
666,1665,Luisina Baró Barrios,2
667,1666,Artemio Oliva,9
668,1667,Candelaria del Guerrero,6
669,1668,Asdrubal Bernal Mateu,2
670,1669,Marcela Agustí Egea,2
671,1670,Santos Cornejo-Lerma,8
672,1671,Eligio Roda Mora,3
673,1672,Úrsula Cid-Rosales,3
674,1673,Galo Marquez Alcalde,6
675,1674,Adelia del Narváez,7
676,1675,Valentín Vito Vall Alemany,2
677,1676,Roldán Reynaldo Borrás Daza,6
678,1677,Azeneth Egea Batlle,7
679,1678,Juan Bautista Carmona Vilanova,10
680,1679,Venceslás Mendizábal,7
681,1680,Armando Quiroga Cámara,5
682,1681,Nando Valverde Rocha,2
683,1682,Mireia de Lluch,8
684,1683,Bernabé Guillén Piquer,10
685,1684,Víctor Llanos Rey,9
686,1685,Manolo Cuenca Bertrán,5
687,1686,Vasco Sanabria Vidal,3
688,1687,Cayetano Agustí Duarte,10
689,1688,Guadalupe Raya Vallejo,5
690,1689,Julia Lladó Aranda,9
691,1690,Luís Pascual Iniesta Valera,2
692,1691,Bernardo de Almansa,8
693,1692,Liliana Losa Echevarría,9
694,1693,Manu Ramos Donaire,3
695,1694,Victoriano Benitez,9
696,1695,Amancio del Sales,4
697,1696,Osvaldo Piñol Álvaro,2
698,1697,Casandra Olmedo-Baeza,6
699,1698,Teobaldo Porras,1
700,1699,Marciano Acevedo Pelayo,8
701,1700,Valentina de Dueñas,8
702,1701,Ruy Múgica Baena,9
703,1702,Jenaro Gámez,3
704,1703,Regina Feliu,9
705,1704,Poncio Alvarez-Landa,10
706,1705,Daniel Urbano Llabrés Uría,10
707,1706,Bernarda de Flores,10
708,1707,Fausto Lerma Acero,5
709,1708,Encarnación de Nieto,4
710,1709,Prudencia Bertrán Conde,3
711,1710,Isidoro Mate-Palma,7
712,1711,Amor Pareja,2
713,1712,Angelino del Villalonga,6
714,1713,Aarón Martin Acosta Beltran,6
715,1714,Cleto Cadenas,8
716,1715,Rosenda Cabeza Rincón,4
717,1716,Jenny Sosa Santana,6
718,1717,Juan Manuel Piña,3
719,1718,Alcides Martin-Alemán,5
720,1719,Santos Pareja Julián,2
721,1720,Jordana Miguel-Beltrán,5
722,1721,Teobaldo Arnau,2
723,1722,Pepito Roldán Vilalta Salmerón,9
724,1723,Clemente Acedo,6
725,1724,Emma Ferrández-Palacios,9
726,1725,Eufemia Mayoral-Mora,7
727,1726,Pascuala Alcázar Bernad,2
728,1727,Loreto Agudo,4
729,1728,Esperanza del Ochoa,4
730,1729,Aurelia de Machado,5
731,1730,Jerónimo Duarte Abril,1
732,1731,Coral Pallarès Quevedo,3
733,1732,Ruth Ortiz,8
734,1733,Saturnino Vinicio Martin Pintor,9
735,1734,Gonzalo Zorrilla Morales,7
736,1735,Nacio de Barba,8
737,1736,Ceferino Jordán Osuna Laguna,4
738,1737,Fabio Boada Duran,10
739,1738,Nacho Querol Prats,7
740,1739,Miguel Feijoo Gil,2
741,1740,Valero Valderrama Ribera,7
742,1741,Omar del Gallardo,5
743,1742,Remedios Páez Ángel,4
744,1743,Remedios Briones Porta,9
745,1744,Abril Larrea Clemente,10
746,1745,Gervasio Ruiz González,8
747,1746,Trinidad Pi Aragón,8
748,1747,Pancho Pla Vega,7
749,1748,Rafael de Bernal,6
750,1749,María Jesús Palomino Montoya,1
751,1750,Delia Zabala Juliá,2
752,1751,Joaquín Eleuterio Baró Corominas,1
753,1752,Severiano del Luque,5
754,1753,Juan Bautista Barroso Bejarano,1
755,1754,Dolores Morante-Carbonell,4
756,1755,Lope Páez,6
757,1756,Alexandra Neira Llano,2
758,1757,Leonardo Tena Cañete,9
759,1758,Teo Gomis Franco,8
760,1759,Araceli Encarnación Roldan Riba,4
761,1760,Adora Pino Piña,8
762,1761,Noé Geraldo Mascaró Millán,9
763,1762,Cristina de Rocha,8
764,1763,Melania del Garzón,10
765,1764,Jorge Mendoza-Álvaro,9
766,1765,Calista de Iñiguez,7
767,1766,Máximo Díez Cantón,9
768,1767,Faustino Xavier Alarcón Font,8
769,1768,Maximino Antúnez-Pavón,8
770,1769,Mohamed Jaén Ribas,1
771,1770,Fortunato Abascal Gabaldón,2
772,1771,Adrián Gallardo Carbó,7
773,1772,Fabio Chus Ramis Canet,7
774,1773,Gisela Cortes Peral,2
775,1774,Sergio de Mariscal,3
776,1775,Evaristo Escribano,6
777,1776,Fabiola Morell Pino,8
778,1777,Bienvenida Luís Vázquez,8
779,1778,Antonio Pánfilo Verdú Quevedo,10
780,1779,Azeneth Riera Arrieta,5
781,1780,Macario Sanmiguel Navas,1
782,1781,Luciana Álamo Lara,8
783,1782,Joan Pou Gras,1
784,1783,Socorro Leandra Perales Pacheco,5
785,1784,Valerio Vara Esteban,4
786,1785,Alondra Salas Villa,2
787,1786,Rodrigo Toledo-Lillo,1
788,1787,Yéssica Yuste,5
789,1788,Azucena Mascaró Durán,2
790,1789,Pelayo Prudencio Araujo Francisco,7
791,1790,Cándida del Castrillo,7
792,1791,Che Plácido Miguel Bejarano,9
793,1792,Maximino Adadia Escolano,6
794,1793,Marta Patiño Moreno,8
795,1794,Clementina Lourdes Gomis Cuervo,2
796,1795,Pilar Robledo Llopis,5
797,1796,Angelina Roura Ordóñez,5
798,1797,Olegario Ferrando Bravo,3
799,1798,Modesta Boada Castrillo,2
800,1799,Ernesto Diez Enríquez,4
801,1800,Gustavo Belmonte Costa,9
802,1801,Ruben Fabra Vilalta,2
803,1802,Maricruz Corral Escribano,8
804,1803,Gertrudis Sacristán Álvarez,5
805,1804,Graciana Núñez Moreno,2
806,1805,Pancho Atilio Peñas Oliveras,1
807,1806,Nico Coll Huerta,3
808,1807,Celso Garriga Agustí,8
809,1808,Fidela Escobar Camacho,10
810,1809,Úrsula Palacios Gallart,8
811,1810,Toño Lobo Ferrer,10
812,1811,Joaquín Pinto Piquer,10
813,1812,Juan Francisco Lastra Sánchez,1
814,1813,Nando Camilo Machado Rodrigo,4
815,1814,Hugo Cañete Mendoza,6
816,1815,Albano de Bustamante,7
817,1816,Amor Jurado Cáceres,1
818,1817,Eugenio Elías Haro,3
819,1818,Ascensión Juanita Torrens Bermudez,10
820,1819,Calixta Luís Vizcaíno,1
821,1820,Jacobo Moya-Monreal,10
822,1821,Isabel Barral,4
823,1822,Reyna Suarez Olivera,2
824,1823,Purificación Bejarano Herrero,8
825,1824,Julia del Rosell,5
826,1825,Leonel Prada Leal,9
827,1826,Elías Amaya Escalona,7
828,1827,Chuy Viana Blasco,4
829,1828,Eric Amores Mate,1
830,1829,Fausto Gascón Balaguer,1
831,1830,Cándida Ropero Carlos,6
832,1831,Santos de Sebastián,3
833,1832,Luis Toledo Agudo,3
834,1833,Faustino Escrivá,3
835,1834,Eliana Escobar Casals,6
836,1835,Ascensión del Tomé,6
837,1836,Josep Neira Pujol,5
838,1837,Herminia Gargallo Sobrino,10
839,1838,Paco Segovia Amat,8
840,1839,Lalo Donoso Castrillo,8
841,1840,Bartolomé Berrocal Niño,4
842,1841,Jessica Sanabria Pont,6
843,1842,Angelino Cesar Martí Ojeda,8
844,1843,Loida Cruz-Rosales,2
845,1844,Anita Barba Bauzà,3
846,1845,Otilia Vázquez Aliaga,8
847,1846,Yaiza Saavedra Mur,9
848,1847,Samuel Morales Casal,4
849,1848,Lupe del Montaña,1
850,1849,Ángeles Roig-Manuel,1
851,1850,Sabina Benavente Doménech,10
852,1851,Herberto de Padilla,1
853,1852,Eusebia Baró Bermúdez,6
854,1853,Consuelo Tello León,4
855,1854,Marciano Armengol Mármol,5
856,1855,Milagros Plana,2
857,1856,Rocío Rosselló Domingo,5
858,1857,Ruy Jordán Pedrosa,5
859,1858,Guiomar Frutos Infante,7
860,1859,Esperanza Pulido Fortuny,6
861,1860,Emma Luque Bernat,4
862,1861,Teófila Roldán-Pou,4
863,1862,Nicodemo Chus Vallés Alvarado,7
864,1863,Gerardo Zamora Grande,3
865,1864,Coral Recio,10
866,1865,Pancho Mariscal,1
867,1866,Lorena Daza,3
868,1867,Albert Céspedes Ros,6
869,1868,Gertrudis Mayo Campo,9
870,1869,Carmela Sedano Menéndez,7
871,1870,Vasco del Colomer,9
872,1871,Alma Casado Tur,3
873,1872,Damián Rosado,7
874,1873,Cruz Camacho-Chaves,10
875,1874,Adora Marisol Bárcena Iglesias,9
876,1875,Carlos Barba Peinado,1
877,1876,Isaac Menéndez Godoy,2
878,1877,Baltasar Porcel Jara,8
879,1878,Bautista Rogelio Durán Grau,1
880,1879,Feliciano Novoa Palma,8
881,1880,Fabricio Manuel Lumbreras,7
882,1881,Adelia Durán Amaya,6
883,1882,Otilia Arrieta Castell,9
884,1883,Samuel Escudero Fajardo,8
885,1884,Andrea Lago Lasa,9
886,1885,Alondra Castilla Pulido,8
887,1886,Buenaventura Marín Vélez,3
888,1887,Nazario Iniesta Sotelo,6
889,1888,Felicidad Salazar Sala,5
890,1889,Remedios Ortiz Narváez,6
891,1890,Celia Coloma-Villalobos,7
892,1891,Tomás Sanmiguel Tena,5
893,1892,Carmela Salgado Aguirre,4
894,1893,Caridad Balaguer Alemany,1
895,1894,Juan Bautista Rico,8
896,1895,Berta Carina Pol Nogueira,1
897,1896,Haroldo Jonatan Arce Castellanos,7
898,1897,Isidoro Sala Valencia,8
899,1898,Manu Ricart Guillen,1
900,1899,Pablo Piñol Ibarra,8
901,1900,Amarilis Sedano Aramburu,4
902,1901,Quique Anaya Solano,2
903,1902,Marta Lobato,1
904,1903,Eladio Carro Casas,8
905,1904,Vicenta del Rovira,1
906,1905,Laura Aroca Bas,4
907,1906,Corona Cueto Dominguez,6
908,1907,Chus Ochoa Goicoechea,7
909,1908,Urbano Osuna-Sáez,7
910,1909,Rosalía Calleja Echeverría,2
911,1910,Santiago Sans Goñi,7
912,1911,Úrsula Roselló-Galan,3
913,1912,Aurora Barriga Céspedes,9
914,1913,Marcelino Ribas Lladó,5
915,1914,Clarisa Álamo Pujol,4
916,1915,Pedro de Coca,10
917,1916,Venceslás del Toro,6
918,1917,Nieves Luna,9
919,1918,Esmeralda Inmaculada Valderrama Agudo,2
920,1919,Nadia Bernad-Morán,1
921,1920,Vicente Atienza-Albero,2
922,1921,Abilio Jove Sebastián,4
923,1922,Aitor Andrés Felipe Isern Lumbreras,9
924,1923,Begoña Duque,3
925,1924,Ricarda Lourdes Bermúdez Iglesias,7
926,1925,Eli Dalila Ramis Valera,7
927,1926,Macario Vallés Amores,6
928,1927,Leyre Bermejo Cruz,6
929,1928,Judith Estevez,9
930,1929,Ema Carmona Guijarro,3
931,1930,Néstor del Arana,1
932,1931,Reyna Colomer Hoz,6
933,1932,Ana Belén Vera Falcón,6
934,1933,Esther Belén Ortiz Palma,10
935,1934,Joaquina Cadenas Ordóñez,3
936,1935,Esmeralda Cervera Páez,3
937,1936,Felix Franch Porta,1
938,1937,Pilar Donaire Murillo,10
939,1938,Rico Ocaña Bello,1
940,1939,Salud Sastre Tirado,5
941,1940,Marciano Gustavo Salmerón Santiago,8
942,1941,Hugo Pareja Pineda,2
943,1942,Eligia Romero Alvarez,8
944,1943,Genoveva Canals,6
945,1944,Salud Tenorio Fajardo,5
946,1945,Lucio Aragón Cerdán,8
947,1946,Geraldo Amor Gibert,2
948,1947,Matilde Arnaiz-Moles,4
949,1948,Salud Villalonga Alvarado,10
950,1949,Felipe Amo,3
951,1950,Julio Camacho Nuñez,2
952,1951,Vicenta Matas,5
953,1952,Humberto Ribes Morán,7
954,1953,Cosme Badía Saldaña,2
955,1954,Inocencio Neira Esteve,10
956,1955,Rosalva Gelabert Almazán,3
957,1956,Ruben de Llanos,8
958,1957,Ágata Cortes Querol,1
959,1958,Elena Tamarit,1
960,1959,Marcos Lastra Quevedo,2
961,1960,Cesar de Royo,1
962,1961,Anselma Lara Pujol Gárate,2
963,1962,Isabela Giménez Bárcena,8
964,1963,Inocencio Tormo Tenorio,9
965,1964,Amada de Palomo,2
966,1965,Elías Ángel Gargallo,2
967,1966,Fortunato Silvio Bayón Somoza,5
968,1967,Esther Cortes Mora,7
969,1968,Miriam de Pérez,2
970,1969,Griselda de Becerra,8
971,1970,Juan Pablo Gutiérrez Valencia,4
972,1971,Régulo Machado Pombo,10
973,1972,Bernardo Saura Ledesma,1
974,1973,Marita Melero,5
975,1974,Gonzalo Ródenas,6
976,1975,Carlos Ordóñez,7
977,1976,Crescencia del Agustín,8
978,1977,Lupe Tomé Fernandez,5
979,1978,Clotilde Alfaro Suárez,7
980,1979,Plácido Pol Atienza,3
981,1980,Lorenzo Vendrell Alfonso,10
982,1981,Anita Alfonso Barba,1
983,1982,Teo Gerardo Miguel Correa,10
984,1983,Julieta Galiano Criado,7
985,1984,Clarisa Losa Losada,8
986,1985,Iker Fortuny Soria,3
987,1986,Yago Cuadrado Fiol,3
988,1987,Maximiano Estévez Albero,3
989,1988,Clarisa Sedano Cortina,2
990,1989,Prudencio Bejarano,10
991,1990,Miguel Claudio Pedro Capdevila,1
992,1991,Ramona Gascón Valle,5
993,1992,Marino Juan Antonio Gimeno Tolosa,6
994,1993,Gabriel Cristian Orozco Talavera,9
995,1994,Manolo del Salvà,10
996,1995,Moreno Vicente Tapia,9
997,1996,Herminio Cervantes Solana,7
998,1997,Anna Huguet Tejero,3
999,1998,Román Daza Sacristán,9
1000,1999,Eligio Cámara Tovar,3
1001,2000,Gastón Linares Baños,7
1002,2001,Elisabet del Medina,7
1003,2002,Guadalupe Antón Lloret,5
1004,2003,Ester Romeu Martínez,6
1005,2004,Jeremías Herrero Donaire,8
1006,2005,Demetrio Herrero Plaza,7
1007,2006,Gil Vera Pineda,8
1008,2007,Águeda Solís Figueras,3
1009,2008,Angelina Mora Moll,1
1010,2009,Baldomero Castelló Zamora,1
1011,2010,Luna Cabrero Piña,6
1012,2011,Valentín Antúnez Páez,2
1013,2012,Marisol Agullo Pulido,9
1014,2013,Julio Arenas Doménech,6
1015,2014,Tito de Álvarez,6
1016,2015,Adriana Sales Cepeda,10
1017,2016,Ceferino Pineda Fuente,9
1018,2017,Édgar González Ayala,9
1019,2018,Iván Espada Company,8
1020,2019,Darío Cornejo Amador,9
1021,2020,Marcelino de Jordán,9
1022,2021,Lilia Santiago Andres,4
1023,2022,Rómulo Alegria Amador,6
1024,2023,Nuria Vila Bou,1
1025,2024,Carla Olivé Cuéllar,10
1026,2025,Emma de Cabo,3
1027,2026,Viviana Bayo-Diego,10
1028,2027,Clementina Amador Royo,6
1029,2028,Tristán Godofredo Gil Guardiola,10
1030,2029,Alba Folch Canet,2
1031,2030,Jacobo de Palacio,9
1032,2031,Rubén Robles Gallo,3
1033,2032,Iris Solsona Robles,4
1034,2033,Lidia Saavedra Querol,9
1035,2034,María Boada Mascaró,9
1036,2035,Heraclio Iglesias Izquierdo,9
1037,2036,Juan Bautista Maestre Sáenz,8
1038,2037,Amando Reig Medina,7
1039,2038,Osvaldo de Menéndez,7
1040,2039,Salomé Montalbán Fabra,6
1041,2040,Jordán Carreras Bustamante,10
1042,2041,Lucía Infante Carvajal,9
1043,2042,Rodrigo Núñez Martí,5
1044,2043,Bárbara Franch Fajardo,10
1045,2044,Leire Real Torrecilla,9
1046,2045,Baudelio Saez Matas,1
1047,2046,Amaro Molina Alberola,4
1048,2047,Faustino Gascón Tormo,7
1049,2048,Juan Francisco Alberto-Cano,7
1050,2049,Chus Rebollo Llorente,9
1051,2050,Marisela Aranda Cuervo,5
1052,2051,Anna Calvo Alvarado,6
1053,2052,Fátima Talavera Gascón,3
1054,2053,Ximena Benet Martínez,1
1055,2054,Julie del Morell,1
1056,2055,Renata Bellido Arnaiz,1
1057,2056,Quirino del Cuadrado,6
1058,2057,Rolando Ballester Tomás,5
1059,2058,Isidora Lobo Villa,9
1060,2059,José Manuel Canet Ródenas,9
1061,2060,Anabel Piñeiro,9
1062,2061,Aurelio Franco Nogués,7
1063,2062,Juan Francisco Duarte Palomares,8
1064,2063,Susanita del Bautista,2
1065,2064,Andrés Guillen Arcos,5
1066,2065,Blanca Mariño Solera,1
1067,2066,Natanael Loreto González Torrents,10
1068,2067,Alba Osuna Mata,2
1069,2068,Modesta Reguera Cortina,5
1070,2069,Cristian Silva Nogués,3
1071,2070,Abel Fulgencio Baños Esparza,1
1072,2071,Chucho Lucas,10
1073,2072,Mohamed Valderrama Sans,7
1074,2073,Fito Fortuny Carbonell,8
1075,2074,Maximiliano Caballero Llano,2
1076,2075,Angélica Cantón-Fuertes,5
1077,2076,Victorino Borrego,1
1078,2077,Martín Naranjo Coll,3
1079,2078,Maximino Cornejo Fernandez,2
1080,2079,Lilia Pardo Sureda,10
1081,2080,Luis Miguel Mas Montserrat,1
1082,2081,Sofía Ballesteros Fuertes,9
1083,2082,Alexandra Pardo-Sureda,7
1084,2083,Galo Lledó,3
1085,2084,Filomena Luna Cuadrado Ariño,7
1086,2085,Noemí Cal Rosado,4
1087,2086,César Granados,3
1088,2087,Esteban Flores Cantero,1
1089,2088,Pepita Álvarez Trujillo,10
1090,2089,Itziar Montero,10
1091,2090,Toni Jerez Torres,5
1092,2091,Azahar Mercader Arana,10
1093,2092,Cayetano del Martorell,1
1094,2093,Moreno Ródenas,4
1095,2094,Javiera Llorens Catalán,9
1096,2095,Rufino Alvarez Otero,3
1097,2096,Curro Eliseo Cobo Infante,3
1098,2097,Eusebia Nogués,1
1099,2098,Toño Enrique Mas Menendez,2
1100,2099,Rufino Murillo,4
1101,2100,Teodora de Ugarte,5
1102,2101,Eva Lerma Flores,8
1103,2102,Olivia Solera-Salinas,8
1104,2103,Máxima Sanmartín,3
1105,2104,Ambrosio Ariel Calzada Velasco,8
1106,2105,Juan Carlos Alcántara Pellicer,7
1107,2106,Isidora Rocamora Conde,4
1108,2107,Gisela de Plaza,2
1109,2108,Edmundo Moraleda-Verdugo,6
1110,2109,Concepción Mármol Roldán,3
1111,2110,Flor Bartolomé Cerro,2
1112,2111,José del Uría,7
1113,2112,Paz Romeu-Infante,2
1114,2113,Godofredo del Santana,9
1115,2114,Miriam Morán Riquelme,1
1116,2115,Salud del Páez,2
1117,2116,Angelino Ayllón Iñiguez,5
1118,2117,Emma Mora Collado,3
1119,2118,Odalys Pla Valcárcel,10
1120,2119,Ema Cañellas,7
1121,2120,Amado Uribe,3
1122,2121,Concha Cobos Macías,10
1123,2122,José Mari Solsona-Becerra,1
1124,2123,Jose Manuel Gabino Viñas Quirós,6
1125,2124,Dolores Milla Atienza,8
1126,2125,Martin Gutiérrez Asenjo,9
1127,2126,Carmina Gimenez,7
1128,2127,Patricia Valverde-Vera,9
1129,2128,Josefina Sobrino Baena,1
1130,2129,Leandra Casanovas Aparicio,9
1131,2130,Cristina Pol,5
1132,2131,Conrado Ribas Uribe,8
1133,2132,Basilio Daniel Macias Sebastián,3
1134,2133,José María Vicente Coca Tapia,6
1135,2134,Victor Manuel Victorino Miranda Alemany,3
1136,2135,Cayetana Vázquez Solé,5
1137,2136,Nacio de Trillo,3
1138,2137,Iker Paredes Larrea,7
1139,2138,Juanito Murcia-Rozas,5
1140,2139,Morena Jerez Parejo,8
1141,2140,Maricruz Morcillo Sans,2
1142,2141,Calixto Vidal Galindo,4
1143,2142,Jaime Gallardo Belda,7
1144,2143,Luís España Manso,4
1145,2144,Nerea Aguilera Sanz,7
1146,2145,Ángeles Pedraza-Jove,7
1147,2146,Paulina Bayona Pinto,7
1148,2147,Cayetana Calzada Falcó,5
1149,2148,Jose Miguel Montoya-Contreras,7
1150,2149,Marcia Barrera Manuel,2
1151,2150,Regina Benavent Bosch,6
1152,2151,Fabricio Barco Báez,9
1153,2152,Ulises Herrera Aroca,10
1154,2153,Seve Lara Gual,8
1155,2154,Leonel Páez Tolosa,9
1156,2155,Dorotea Carreño Viana,2
1157,2156,Rómulo Salgado Cárdenas,4
1158,2157,Raúl Lucho Esteve Boix,2
1159,2158,Pili Font Lerma,10
1160,2159,Gonzalo Bautista Infante,1
1161,2160,Francisco Jose Morales,7
1162,2161,Antonio Bonilla-Páez,3
1163,2162,Carmelita Purificación Casanovas Salcedo,3
1164,2163,Matilde Sanz Navarro,10
1165,2164,Sol Caro Bermejo,7
1166,2165,Paz Mena Herranz,2
1167,2166,Fidela Ibañez-Gimenez,7
1168,2167,Macarena Niño Cabello,5
1169,2168,Priscila Salgado Solera,5
1170,2169,Matías Navas Cabeza,7
1171,2170,Anacleto Bautista Gonzalez Fajardo,8
1172,2171,Manolo Federico Jódar Solsona,8
1173,2172,Pili Torrens-Lledó,4
1174,2173,Anabel Pallarès Riba,9
1175,2174,Amor Coello,10
1176,2175,Efraín Valentín Barceló,10
1177,2176,César Amador Ibáñez,9
1178,2177,Paca Bello Cuadrado,7
1179,2178,Lourdes Barriga Rivera,7
1180,2179,Ciriaco Carnero Aguado,6
1181,2180,Clemente Cortina Calleja,4
1182,2181,Mariano Bastida Jaén,7
1183,2182,Isaura de Sala,10
1184,2183,Porfirio Claudio Mesa Rivera,5
1185,2184,Cristina Jordán Mena,7
1186,2185,Nazaret Melania Lago Lasa,5
1187,2186,Bibiana Vila Guerrero,4
1188,2187,Lorenza Borrás Barbero,7
1189,2188,Rosendo Teruel Marco,3
1190,2189,Eliana Cazorla-Garay,7
1191,2190,Maricruz Gil Santiago,7
1192,2191,Isaías Flores Catalán,2
1193,2192,Ainoa Valls Ramírez,4
1194,2193,Iván Bellido Camacho,4
1195,2194,Édgar Palomar Sáenz,4
1196,2195,Hernando Castañeda,3
1197,2196,Maxi Leopoldo Andreu Solano,3
1198,2197,Pío Llanos González,2
1199,2198,Elena Sandoval Llamas,8
1200,2199,Candelas de Manzano,10
1201,2200,Lucila Paulina Montoya Ribes,1
1202,2201,Gala Castelló Vallejo,7
1203,2202,Virginia Sanabria Rincón,3
1204,2203,Marita Bautista Gomila,10
1205,2204,Aurelio Llobet Sáez,1
1206,2205,Blas Escolano Araujo,6
1207,2206,Nieves Tomas Huerta,3
1208,2207,Candelaria Paula Fuentes Vigil,2
1209,2208,Ainoa Cabello,3
1210,2209,Luisina del Beltrán,3
1211,2210,Lourdes Valderrama Losada,6
1212,2211,Rosa Romero Pi,9
1213,2212,Camilo Estrada Requena,3
1214,2213,Ascensión Martín,7
1215,2214,Marina Rivera-Luz,2
1216,2215,Tania Mateo Vera,6
1217,2216,Gervasio Miguel Ángel Tudela Cardona,3
1218,2217,Raquel del Fabra,1
1219,2218,Lope Querol Ledesma,2
1220,2219,Benjamín Borja Serrano,3
1221,2220,Saturnina Campoy Millán,1
1222,2221,Maximino del Huerta,7
1223,2222,Severo Roig Vazquez,6
1224,2223,Asunción Duarte Vilanova,3
1225,2224,Maite Carbajo,6
1226,2225,Loreto Cisneros Godoy,1
1227,2226,Amanda Morante Sanmartín,4
1228,2227,Margarita Pedrosa Galvez,3
1229,2228,Aarón Enríquez Anaya,1
1230,2229,Rodrigo del Escudero,4
1231,2230,Benigna Vidal Beltran,6
1232,2231,Maricruz Terrón Armengol,7
1233,2232,Aurora Hernández-Pereira,5
1234,2233,Marcial Maza,3
1235,2234,Sancho Apolinar Torrens Huguet,8
1236,2235,Griselda Carnero Cadenas,4
1237,2236,Ruperta Peña,9
1238,2237,Leire Marqués Tenorio,8
1239,2238,Ezequiel Esparza Capdevila,8
1240,2239,Feliciano Acevedo Duran,2
1241,2240,Feliciano del Zurita,6
1242,2241,Íñigo Salvà,10
1243,2242,Nerea Gimeno Prada,4
1244,2243,Bienvenida Narváez Báez,6
1245,2244,Reina Ramírez Huguet,1
1246,2245,Cristian Bravo Casares,3
1247,2246,Gerardo Guijarro,7
1248,2247,Tiburcio Alcolea Márquez,3
1249,2248,René Maza Correa,4
1250,2249,Águeda Sanjuan-Agustí,1
1251,2250,Xavier de Ricart,9
1252,2251,Iker Blanco Aramburu,3
1253,2252,Melchor Leonardo Hernández Echevarría,1
1254,2253,Celso Planas Herrera,10
1255,2254,Plácido Urrutia,1
1256,2255,Jose Manuel Luz Azcona,7
1257,2256,Pilar Gámez Pla,3
1258,2257,Marta de Samper,8
1259,2258,Trini Uría Blanes,5
1260,2259,Laura Suarez Arnaiz,1
1261,2260,Flora Villalonga-Arévalo,5
1262,2261,Nazario Castillo Almeida,3
1263,2262,Faustino Carmelo Bauzà Arnaiz,5
1264,2263,Felipe Conde,2
1265,2264,Raquel Jurado Teruel,5
1266,2265,Calixta Anabel Iriarte Torrecilla,7
1267,2266,Esperanza Peñas Sola,7
1268,2267,Juanita del Osorio,3
1269,2268,Luis Miguel Jordán Isern Elorza,3
1270,2269,Trinidad Escrivá Sabater,6
1271,2270,Andrés Felipe Naranjo Falcó,7
1272,2271,Roque del Barrera,10
1273,2272,Martina Puerta,3
1274,2273,Ariel Machado Palacio,2
1275,2274,Juliana Dorita Quintana Expósito,6
1276,2275,Yéssica Ortega Román,8
1277,2276,Miguel Corral Salas,8
1278,2277,Baldomero Poza Marti,1
1279,2278,Joel Pons Acero,7
1280,2279,Clementina Agudo Moliner,9
1281,2280,Eusebia de Manuel,9
1282,2281,Jimena Canals Villar,9
1283,2282,José del Barrios,7
1284,2283,Celso Benítez Agustí,6
1285,2284,Azahara Acedo Iglesias,7
1286,2285,Merche Domingo,2
1287,2286,Angelita Cabo Parra,9
1288,2287,Yésica Eufemia Zamorano Mariscal,7
1289,2288,Jose Angel Alvarado-Ponce,1
1290,2289,Aitana de Sobrino,1
1291,2290,Azucena Español Pellicer,3
1292,2291,Adelia Durán Rosado,9
1293,2292,Gerardo de Carlos,10
1294,2293,Azahar Araujo,1
1295,2294,José Luis Arévalo Garzón,6
1296,2295,Bárbara Garay Novoa,4
1297,2296,Juliana Quiroga Armengol,6
1298,2297,Faustino Casares Rocha,7
1299,2298,Mario Morante-Rojas,9
1300,2299,Reyes Urrutia Elías,8
1301,2300,Pascuala Vélez Cervera,7
1302,2301,Saturnina Ruano Heras,3
1303,2302,Esther Palau,4
1304,2303,Zaira Palomar Casares,3
1305,2304,Aníbal Rios-Nicolás,7
1306,2305,Tatiana Velázquez Manzano,4
1307,2306,Íngrid Palmer-Navarrete,6
1308,2307,Omar Castro-Donoso,5
1309,2308,Miguela Garcés Prado,2
1310,2309,Adelaida Palacio Aguilera,8
1311,2310,Reina Isa Casals Alvarado,9
1312,2311,Víctor Godoy,8
1313,2312,Martina Cánovas Montesinos,10
1314,2313,Bonifacio Valencia,9
1315,2314,Eduardo Puente Villanueva,9
1316,2315,Delfina Mir Cañas,6
1317,2316,Carina Borja-Huerta,8
1318,2317,Vanesa Roig Sierra,4
1319,2318,Emiliano Riquelme-Martin,6
1320,2319,Omar Lopez Casanovas,1
1321,2320,Lorena Baena Contreras,3
1322,2321,Andrés Felipe Carrión-Aragonés,6
1323,2322,Leandra Cazorla Herrero,9
1324,2323,Máxima Arellano Benavides,9
1325,2324,Gilberto Iriarte Rueda,4
1326,2325,Aura Moya Cuadrado,10
1327,2326,Severino de Vera,2
1328,2327,Delfina Iglesia Requena,7
1329,2328,Clotilde Frías-Comas,2
1330,2329,Sandalio Carranza,8
1331,2330,Florinda Elías Bastida,7
1332,2331,Iris Rosell Álvarez,2
1333,2332,Vanesa Marti Cerdán,6
1334,2333,Felicidad Beltrán Cabrero,10
1335,2334,Bernabé Jordán Martí,7
1336,2335,Dorotea Sevilla Pla,3
1337,2336,Marc Soriano-Espejo,6
1338,2337,Santiago Higueras Tenorio,4
1339,2338,Balduino Cañizares-Olivé,10
1340,2339,Macaria Sosa Carreño,9
1341,2340,Santos Rosado Tirado,8
1342,2341,Bernarda Pastor,9
1343,2342,Eugenio Giner Rosado,6
1344,2343,Graciana Yuste Ricart,7
1345,2344,Isabela Dafne Ávila Bravo,2
1346,2345,Eugenia Sáenz Azorin,5
1347,2346,María Luisa Ariño Almagro,8
1348,2347,Araceli de Morell,9
1349,2348,Nacho de Peiró,6
1350,2349,Azahar Paniagua Pellicer,8
1351,2350,Macario Torrent Tejada,9
1352,2351,Zaida Miralles Galiano,5
1353,2352,Felix Cámara,10
1354,2353,Bonifacio Vizcaíno Puente,4
1355,2354,Olga Eliana Pavón Rosa,9
1356,2355,Obdulia Asensio Olivares,5
1357,2356,Regina Blanco,3
1358,2357,Concha Benavent Carretero,2
1359,2358,Jose Ramón Aragón-Anaya,10
1360,2359,Marciano Molina Ureña,9
1361,2360,Roberto Sanz-Fiol,10
1362,2361,Manu Saura Pereira,4
1363,2362,Isabela Fortuny Correa,9
1364,2363,Angelina Fabra Esteban,8
1365,2364,Etelvina Gallo Dávila,4
1366,2365,Sara del Gutiérrez,7
1367,2366,Manuel Bustamante-Moliner,2
1368,2367,Cintia Chaves Garay,5
1369,2368,Julio César Eduardo Portillo Elorza,1
1370,2369,Jessica Cadenas Saez,3
1371,2370,Valentín Plinio Ramos Trujillo,8
1372,2371,Victor Aroca Montenegro,3
1373,2372,Ángel de Peralta,1
1374,2373,Victor Solera Fuertes,3
1375,2374,Cornelio Maza Amador,9
1376,2375,Bruno Villegas Vilar,5
1377,2376,Balduino Nadal Seco,3
1378,2377,Chus Arce Carreño,7
1379,2378,Juan Luis Nicodemo Barriga Huguet,1
1380,2379,Juan José Palacios León,4
1381,2380,Ariel Bonilla Vallés,2
1382,2381,Goyo López Somoza,3
1383,2382,Anselma Perea Carrasco,5
1384,2383,América Malo Hernandez,5
1385,2384,Geraldo Velasco Mosquera,1
1386,2385,Chucho Calzada Viña,1
1387,2386,Faustino Muro Guardia,7
1388,2387,Nazaret de Hernando,6
1389,2388,Emiliana España-Ferrera,9
1390,2389,Mauricio Nuñez Tamarit,3
1391,2390,Sergio Fajardo Bartolomé,2
1392,2391,Berta Carrión Cabrera,5
1393,2392,Rufino Cerezo Bustamante,8
1394,2393,Hortensia Nogueira Bastida,5
1395,2394,Baltasar Cánovas Vaquero,2
1396,2395,Salomé del Sobrino,5
1397,2396,Aroa Calderón Múñiz,7
1398,2397,Marisa Macaria Costa Comas,1
1399,2398,Jordana Valera,4
1400,2399,Balduino de Barral,4
1401,2400,Melania Cuesta Blanca,5
1402,2401,Zacarías Dueñas Vizcaíno,5
1403,2402,Adela de Luz,7
1404,2403,Miguela Díez Cámara,2
1405,2404,Ramón Alsina-Carnero,2
1406,2405,Manolo Murcia Cánovas,1
1407,2406,Juan Luis Cobo Escrivá,7
1408,2407,Zacarías de Bonilla,5
1409,2408,Valeria Ibañez,1
1410,2409,Evita Marquez Salvador,8
1411,2410,Lupita del Castrillo,6
1412,2411,Ricardo Huguet Gutiérrez,1
1413,2412,Tania Osuna Castells,7
1414,2413,Elisabet Sánchez Chaves,5
1415,2414,Josué Abellán Calvet,3
1416,2415,Mauricio Trinidad Duran Aznar,5
1417,2416,Maura Serrano Castells,2
1418,2417,Dionisio Reyes Borrell,2
1419,2418,Corona Núñez-Barrio,5
1420,2419,Angelino Mas Fábregas,10
1421,2420,Segismundo Amores-Múgica,7
1422,2421,Jordi Ripoll-Delgado,4
1423,2422,Ildefonso Benítez Mir,1
1424,2423,Rosalinda Patiño,4
1425,2424,Teresa Báez-Laguna,7
1426,2425,Vito Tormo-Águila,2
1427,2426,Rosalinda Cáceres Diez,8
1428,2427,Yésica Calleja Aroca,9
1429,2428,Íñigo Cantero Atienza,2
1430,2429,Pedro Julián Figueras,9
1431,2430,Máximo Sanjuan Milla,4
1432,2431,Emigdio Tapia Simó,4
1433,2432,Violeta Roig Tirado,6
1434,2433,Herminio Pujol Pedro,10
1435,2434,Maxi Sáenz Melero,5
1436,2435,Lourdes Echeverría Calleja,3
1437,2436,Abel Capdevila Bosch,8
1438,2437,Ciríaco Buendía Aliaga,4
1439,2438,Pía Asensio Baeza,6
1440,2439,Lina Prats Linares,7
1441,2440,Matías Baeza Zamora,10
1442,2441,Celestino Batalla Echevarría,4
1443,2442,Anastasio Hoz Cuesta,1
1444,2443,Manolo Montero,6
1445,2444,Macarena Castelló Benitez,1
1446,2445,Jacinta de Almansa,7
1447,2446,Jose Carlos Bernal Pedrosa,5
1448,2447,Visitación Nieto-Tomas,5
1449,2448,Tomás Pagès Royo,9
1450,2449,Juan Sanabria Acosta,2
1451,2450,Basilio Villalonga Ledesma,8
1452,2451,Darío Corbacho Murillo,9
1453,2452,Rafa de Lumbreras,3
1454,2453,Leyre Petrona Coloma Madrid,2
1455,2454,Palmira Ortuño Echevarría,3
1456,2455,Ana Belén Hernández,8
1457,2456,Vera Hoyos Porta,10
1458,2457,Gabriela Jurado Olivé,3
1459,2458,Lupe Losa Pareja,7
1460,2459,Asunción Gomis Portillo,4
1461,2460,Joaquina Llabrés Galván,1
1462,2461,Sebastián Mascaró Hoyos,4
1463,2462,Rita Donoso,2
1464,2463,Wilfredo Herrera Mercader,10
1465,2464,Marino Alonso Jódar,5
1466,2465,Lola Guijarro Zamora,8
1467,2466,Natividad Canales Planas,1
1468,2467,Encarnacion Alcolea-Pazos,3
1469,2468,Jacinta Seco-Barral,4
1470,2469,José Comas-Domingo,10
1471,2470,Rafael de Delgado,9
1472,2471,Pili Perlita Luna Castillo,7
1473,2472,Petrona Ale Portero Mora,8
1474,2473,Manuela Cases Díez,3
1475,2474,Guillermo Jaime Iniesta Cabeza,2
1476,2475,Marcelino Saura Villar,6
1477,2476,Dimas Francisco Frías,7
1478,2477,Albano Bustos Hernandez,4
1479,2478,Narciso Moisés Cervera Pardo,10
1480,2479,David Escalona Pomares,2
1481,2480,Victor Manuel Ariza Núñez,5
1482,2481,Carmina Méndez Plana,6
1483,2482,Valeria Palmira Pedrero Cabeza,10
1484,2483,Jose Ignacio Fábregas Gálvez,1
1485,2484,Bartolomé Roman,8
1486,2485,Yago Tomé Martí,2
1487,2486,Vidal Busquets Mármol,4
1488,2487,Nando Giménez Bas,2
1489,2488,Luna Marita Carbajo Quintanilla,3
1490,2489,Joaquina Galván Tolosa,9
1491,2490,Encarnita Llopis Camps,8
1492,2491,Sancho Pozo Domínguez,7
1493,2492,Vicenta Casado Abascal,1
1494,2493,Liliana Linares Bosch,7
1495,2494,Charo Garay,7
1496,2495,Gabriel Villalonga Lara,2
1497,2496,Celia Guillén Bartolomé,6
1498,2497,Cecilio Campoy-Barceló,7
1499,2498,Miriam Llano Valle,7
1500,2499,Humberto del Piñol,3
1501,2500,Evita Salas Alsina,9
1502,2501,Lara Cuéllar Villalobos,3
1503,2502,Salud Barrena Gaya,7
1504,2503,Elena Sedano Mascaró,7
1505,2504,Elena Amores-Nogués,4
1506,2505,Alcides Eustaquio Valera Soler,2
1507,2506,Nydia Ortuño Puga,10
1508,2507,Paola Iglesias Arnaiz,4
1509,2508,Ruth Adán-Rovira,10
1510,2509,Benigno Carpio-Miranda,7
1511,2510,Eustaquio Camps Estevez,1
1512,2511,Dionisia Ferreras Peñalver,6
1513,2512,Iván Pagès Roman,2
1514,2513,Marisela Camila Valls Ordóñez,8
1515,2514,Nacho Carretero Huerta,10
1516,2515,Jose Llobet,10
1517,2516,Evita Mendez Solís,5
1518,2517,Trini Rodriguez Carbó,10
1519,2518,Mariana Etelvina Lucas Bustamante,8
1520,2519,Fortunata Pareja Caballero,10
1521,2520,Martin Sanabria Torre,10
1522,2521,Juan Carlos del Duran,2
1523,2522,Prudencio de Valdés,2
1524,2523,Catalina Franch Mesa,8
1525,2524,Danilo Solís,10
1526,2525,Juan Palomar,1
1527,2526,Amílcar del Malo,10
1528,2527,Leticia de Sala,4
1529,2528,Conrado de Barriga,1
1530,2529,Vilma Rodríguez-Carbó,5
1531,2530,Aurelia Salamanca Criado,5
1532,2531,Ciro Castellanos Segura,4
1533,2532,María Del Carmen Quiroga Mascaró,1
1534,2533,Gabriel Solano Anguita,9
1535,2534,Maximiliano Alberto Carranza Soriano,9
1536,2535,Felipa Evita Soriano Porta,1
1537,2536,Samanta Marco Barrera,5
1538,2537,Andrés Felipe Moya,5
1539,2538,María Jesús Barrios Pina,3
1540,2539,Silvio Abril Fajardo,5
1541,2540,Aarón Adán Catalán,4
1542,2541,Pascuala de Ramis,2
1543,2542,Rosalía del Perelló,3
1544,2543,Jordana Gibert Cornejo,9
1545,2544,Judith Tomasa Sáenz Hernando,6
1546,2545,Hernando Hernandez Rocamora,2
1547,2546,Renata Gascón Viña,9
1548,2547,Javier Mínguez Palacio,10
1549,2548,Susanita Llorens Salcedo,10
1550,2549,Gerardo Pomares Teruel,2
1551,2550,Marino Miguel Ureña,10
1552,2551,Renata Clemente Barberá,9
1553,2552,Calisto Riquelme Ochoa,10
1554,2553,Timoteo Bas Villanueva,1
1555,2554,Hector Tudela Amaya,6
1556,2555,Isaura Carla Vazquez Catalá,7
1557,2556,Bonifacio Badía Montenegro,6
1558,2557,Chema Benitez,3
1559,2558,Hilda Jáuregui Guijarro,6
1560,2559,Tania Dalmau Rodríguez,10
1561,2560,Tecla de Amigó,1
1562,2561,Mariana Escribano Gallego,9
1563,2562,Pelayo Jordán Cañas,1
1564,2563,Josep Tapia Sebastián,9
1565,2564,Ale Roselló Aragón,7
1566,2565,Fabricio Pedrero Paredes,4
1567,2566,Nando del Bayo,7
1568,2567,Ale Ríos Barrios,3
1569,2568,Melisa Campoy Noriega,2
1570,2569,Leonardo Azcona Guardia,2
1571,2570,Marcia Moraleda Benavent,2
1572,2571,Feliciano del Villa,8
1573,2572,Manuela Prat-Manjón,9
1574,2573,Macaria Iglesia Azcona,4
1575,2574,Jesús Molina,4
1576,2575,Arturo Flor,8
1577,2576,Ligia Iglesia Guitart,9
1578,2577,Porfirio Prat Maza,8
1579,2578,Modesta Buendía Mateu,9
1580,2579,Francisco Jose Jordá Marin,1
1581,2580,Daniela Gimenez,6
1582,2581,Gerónimo Palmer,9
1583,2582,Candelario Heredia Casal,10
1584,2583,Florentino Segarra-Rocamora,8
1585,2584,Belen Elisabet Acevedo Calatayud,1
1586,2585,Lola Vives-Goñi,10
1587,2586,Lorena Alberdi Viña,5
1588,2587,Clarisa Anguita Blázquez,2
1589,2588,Amílcar Sedano,7
1590,2589,Leandro Querol Arrieta,5
1591,2590,Fulgencio Clemente Zamora,5
1592,2591,Dulce Lorena Huguet Becerra,8
1593,2592,Elisabet Almagro Saldaña,2
1594,2593,Nydia Guzman Talavera,2
1595,2594,Benito Izaguirre-Mateos,10
1596,2595,Amada Perales Solano,10
1597,2596,Angelino Tena Cuenca,8
1598,2597,Obdulia Tejero Polo,9
1599,2598,Miguel Godoy Pinto,7
1600,2599,Plinio Bustos Bustos,6
1601,2600,Delia Palomares Galan,8
1602,2601,Samanta de Villegas,1
1603,2602,Casandra Gámez Peinado,10
1604,2603,Valentín Losa Esparza,2
1605,2604,Cecilia Ramirez Beltran,8
1606,2605,Ascensión Salom Gil,5
1607,2606,Néstor Crespo Alcaraz,3
1608,2607,Azahara Leiva,9
1609,2608,Ramón Figuerola Martorell,4
1610,2609,Aurora Mariño,10
1611,2610,Amaro Quintero Pinilla,10
1612,2611,Pastora Arias Ferrero,2
1613,2612,Roberta Vara Llorens,8
1614,2613,Rosalía Vara Bustos,10
1615,2614,Santos José Antonio Figuerola Martorell,6
1616,2615,Pascuala Moliner Albero,3
1617,2616,Ámbar Iglesia Bermúdez,1
1618,2617,Cruz de Antón,6
1619,2618,Yéssica Capdevila,10
1620,2619,Juan Bautista Barrios Román,1
1621,2620,Marcelino Jose Antonio Robledo Yuste,1
1622,2621,Graciano Tamayo Bejarano,8
1623,2622,María Cristina Ramis Sarmiento,9
1624,2623,Eutimio Solana Cordero,7
1625,2624,Efraín Alcaraz Pedraza,8
1626,2625,Magdalena Vicens-García,4
1627,2626,Isidro Vargas Escobar,8
1628,2627,Jafet Julián-Maza,6
1629,2628,Bernardo Collado Salinas,5
1630,2629,Pili Palmer Arnaiz,6
1631,2630,Rosario Gabaldón Sales,1
1632,2631,Ana Sofía Eliana Cisneros Sotelo,7
1633,2632,Severo Campo,4
1634,2633,Reynaldo Paniagua-Coloma,8
1635,2634,Lupe Maite Puerta Murillo,10
1636,2635,Malena Arcos Peralta,5
1637,2636,Mauricio Flores Colomer,1
1638,2637,Emilia Morante Luque,9
1639,2638,Ámbar Alcázar,4
1640,2639,Josefina Castells-Ortuño,2
1641,2640,Benita Baeza Molins,3
1642,2641,Anselma Bonet Trillo,6
1643,2642,Olalla Nieto Costa,6
1644,2643,Mar Rincón Pombo,6
1645,2644,Leandro Macario Dávila Marti,2
1646,2645,Toño Pina Pardo,9
1647,2646,Emilia Llobet,1
1648,2647,Chuy Giner Soler,9
1649,2648,Javier España Jove,3
1650,2649,Jennifer Castells Planas,8
1651,2650,Edelmira Martí Peiró,2
1652,2651,Evangelina Rosales Barrio,5
1653,2652,Beatriz Talavera Toledo,10
1654,2653,Juan Francisco Ávila Jover,7
1655,2654,Bernarda Morillo Figuerola,2
1656,2655,Ester Jordán Jara,7
1657,2656,Salomón de Boix,6
1658,2657,Anacleto Aguirre Villegas,9
1659,2658,Eli Mariscal Busquets,10
1660,2659,Olivia Calleja-Dueñas,5
1661,2660,Inocencio Campillo,7
1662,2661,Emperatriz Carrera,7
1663,2662,Hernando Jerónimo Escudero Cañizares,4
1664,2663,Hernán Tovar,5
1665,2664,Nicolasa Ale Cueto Moreno,2
1666,2665,Evaristo Ávila Yáñez,4
1667,2666,Laura Aznar Gordillo,7
1668,2667,Tecla Leyre Román Gibert,7
1669,2668,Luís Madrid Ugarte,9
1670,2669,Mayte Pablo,3
1671,2670,Jennifer Carrera-Duran,7
1672,2671,Aitor Guzman-Hoyos,4
1673,2672,Violeta Badía Galiano,3
1674,2673,Edgardo del Melero,9
1675,2674,Graciela Salamanca Clavero,2
1676,2675,Florentino Poza,6
1677,2676,Hilario de Bautista,1
1678,2677,Valeria Peiró,9
1679,2678,Elba Nicolau Pina,7
1680,2679,Pelayo Viana Villanueva,6
1681,2680,Aitana Hernandez Murcia,6
1682,2681,Anita Mármol Rivas,5
1683,2682,Martin Torres,10
1684,2683,Josefina del Duarte,5
1685,2684,Abril del Heredia,5
1686,2685,Petrona Samper Canals,5
1687,2686,Benigna Sebastián Giménez,4
1688,2687,Guadalupe Bayona Hurtado,7
1689,2688,Sol Catalá Cerdá,1
1690,2689,Rosendo Fonseca Gálvez,1
1691,2690,Alcides Solano Infante,7
1692,2691,Valeria Colom-Cuesta,3
1693,2692,Victoria Crespo Diez,4
1694,2693,José Ángel Paniagua Roma,7
1695,2694,Fidela Heredia,2
1696,2695,Cintia Torrecilla Galan,8
1697,2696,Aarón Roig-Torrecilla,1
1698,2697,Isaac Mariscal Gomez,3
1699,2698,Ruben del Navarrete,1
1700,2699,Poncio Reyes Huertas,8
1701,2700,Jose Angel Aguilera Bayo,6
1702,2701,María Del Carmen Mir Cortés,1
1703,2702,Amador Pagès Gonzalez,6
1704,2703,Horacio del Nicolás,5
1705,2704,Clotilde Carnero Navarrete,1
1706,2705,Sonia Roberta Boada Peinado,6
1707,2706,Ariel Baeza-Urrutia,10
1708,2707,Severino Campos Murillo,2
1709,2708,Venceslás Esteve Águila,7
1710,2709,Gastón Saldaña Maldonado,2
1711,2710,Emilio Múñiz Benavente,4
1712,2711,Amalia Torrents-Caparrós,9
1713,2712,Casemiro Mateo Carballo,9
1714,2713,Ligia Mir Colom,5
1715,2714,Úrsula Florentina Franch Reyes,1
1716,2715,Sara Borrego Fábregas,10
1717,2716,Piedad Ortiz Vara,9
1718,2717,María Pilar Alba Alonso,7
1719,2718,Leire Esperanza Naranjo Ibáñez,5
1720,2719,Amílcar Valls Villalba,10
1721,2720,Araceli Cepeda Milla,3
1722,2721,Lucas Carnero Sanz,10
1723,2722,Adalberto Carmona Yáñez,6
1724,2723,Agustín Duran Alemany,7
1725,2724,Domingo Terrón,1
1726,2725,Teobaldo Aguado Lladó,4
1727,2726,Viviana Mesa,9
1728,2727,Rolando del Roman,8
1729,2728,Oriana de Valdés,2
1730,2729,Julio César Adadia,7
1731,2730,Rita Pinilla Lozano,7
1732,2731,Vanesa Santiago Río,9
1733,2732,Bruno Gibert Mateo,5
1734,2733,Erasmo de Cazorla,7
1735,2734,Maxi Malo Vaquero,2
1736,2735,Horacio Escolano Molins,3
1737,2736,María Ángeles Diego Salvador,1
1738,2737,Cayetano Alberto,5
1739,2738,Adán Arnau Cañellas,1
1740,2739,Carmela Maldonado Roselló,8
1741,2740,Alejandro del Arce,2
1742,2741,Sebastián Navarro Barrera,5
1743,2742,René Buenaventura Zamora Tenorio,5
1744,2743,Octavio Beltrán Iniesta,10
1745,2744,Ignacia Solé Cabeza,3
1746,2745,Marino Blanch,1
1747,2746,Ángela del Saavedra,8
1748,2747,Graciana Armas Ariza,8
1749,2748,Raimundo Guitart Borja,7
1750,2749,René de Arellano,1
1751,2750,Pili Natividad Diez Ibáñez,1
1752,2751,Ismael Rosell Zamora,10
1753,2752,Prudencio Jordán-Luís,5
1754,2753,Felicidad Asenjo Lladó,9
1755,2754,Roberto Jaume,8
1756,2755,Sancho Dávila Tejera,4
1757,2756,Federico Coello Asensio,9
1758,2757,Rubén Fernández Robles,7
1759,2758,Fito Bayo-Roura,5
1760,2759,Micaela Fuster Sáez,2
1761,2760,Ceferino Villaverde Juárez,7
1762,2761,Benigno Aguiló Aranda,5
1763,2762,Clara Domínguez Gordillo,5
1764,2763,Curro Puente Grande,3
1765,2764,Arsenio Losa Recio,8
1766,2765,Cloe Alcalde Figueras,1
1767,2766,Chus Tapia Rosselló,5
1768,2767,Carla Lucas Hoz,10
1769,2768,Jose Antonio Cifuentes-Cánovas,5
1770,2769,Mateo Casal Gimeno,8
1771,2770,Carla Escalona Gascón,9
1772,2771,Lázaro del Moraleda,8
1773,2772,Úrsula Castejón-Planas,4
1774,2773,Odalis Cerro Guillen,10
1775,2774,Mamen Roman Montoya,9
1776,2775,Casandra de Haro,3
1777,2776,Sebastián Izaguirre Vilar,9
1778,2777,Albino Manso Frías,4
1779,2778,Marina Cuesta,10
1780,2779,Hermenegildo Barrera Morán,7
1781,2780,Ismael Prat Gras,6
1782,2781,Pánfilo León Aguilar,5
1783,2782,Hilda Valverde Gallego,10
1784,2783,Isidro del Revilla,10
1785,2784,Nicodemo Infante Seguí,7
1786,2785,Felicia Gomis-Salas,3
1787,2786,Julie Ramón Piñeiro,9
1788,2787,Nayara Cisneros Parra,3
1789,2788,Jose Ramón Llabrés Prieto,9
1790,2789,Selena Amaya Aliaga,1
1791,2790,Eufemia Cabeza Rubio,8
1792,2791,Azahara Arcelia Barrera Castellanos,9
1793,2792,Felicidad del Pablo,9
1794,2793,Graciano Almansa-Morell,1
1795,2794,Maribel Cornejo Tormo,7
1796,2795,Judith Carrillo Tur,2
1797,2796,Susanita Fuster Luz,7
1798,2797,Natanael Lobo Cabello,8
1799,2798,Flor Montes Cuevas,8
1800,2799,Reyna Mateu Agustí,9
1801,2800,Melania Pedrosa Pol,4
1802,2801,Baldomero Cepeda Mena,3
1803,2802,Isidoro Novoa Rincón,1
1804,2803,Esther Blasco-Plana,6
1805,2804,Victor Manuel Carreño Chaparro,3
1806,2805,Florencio Baudelio Ramón Zamora,5
1807,2806,Josep Duran-Escamilla,2
1808,2807,Melania Morillo Raya,3
1809,2808,Adelia Uriarte Arnal,3
1810,2809,Nicolasa Rey Lara,9
1811,2810,Angélica Caparrós Ferrera,8
1812,2811,Bernabé Palomo Guerra,3
1813,2812,Alberto Macías Garriga,8
1814,2813,Pedro Manuel Giralt Pol,9
1815,2814,Herminio Jose Luis Yuste Raya,10
1816,2815,Esmeralda Diez Rosselló,5
1817,2816,Gonzalo Ramos Amaya,2
1818,2817,Lilia Báez Alegre,9
1819,2818,Mohamed Echevarría Rodrigo,9
1820,2819,Aureliano Aguiló,2
1821,2820,Antonia Diego Luján,7
1822,2821,Eloísa Mur Ibáñez,2
1823,2822,Hipólito Toledo Arroyo,3
1824,2823,Teófila de Álvaro,9
1825,2824,Sara Galan Haro,7
1826,2825,Julieta Gallardo Vila,8
1827,2826,Guadalupe Córdoba Moliner,6
1828,2827,Heliodoro Garriga Gálvez,10
1829,2828,Amando Valentín Galvez Baeza,10
1830,2829,Brunilda Losa Flor,3
1831,2830,Concepción Sedano Elías,4
1832,2831,Yolanda Villaverde Valencia,6
1833,2832,Leyre Sastre Campo,3
1834,2833,Rodolfo Camino Aguiló,8
1835,2834,Araceli Miranda Hoyos,6
1836,2835,Saturnino Sureda Linares,5
1837,2836,Rogelio Calzada,9
1838,2837,Rosario Amigó Sanmiguel,8
1839,2838,Zaida Franco Borrás,6
1840,2839,Melchor Esteban Guardiola Garriga,7
1841,2840,Evelia Guijarro Alcántara,1
1842,2841,Edelmiro Cáceres Gimenez,3
1843,2842,Marco Villaverde Lorenzo,8
1844,2843,Ascensión Velasco Esparza,3
1845,2844,María Cristina Jaén-Casanova,8
1846,2845,Ágata Boada Carrasco,7
1847,2846,Alejo Pujadas Prado,6
1848,2847,Guiomar Francisco Javier Carreño Cantero,10
1849,2848,Nélida Anguita Carrión,9
1850,2849,Asunción Ferreras-Sanabria,1
1851,2850,Amaro Bermudez Mena,7
1852,2851,Martirio Somoza Larrañaga,9
1853,2852,Casemiro Tejera Sans,7
1854,2853,Patricio Valenciano Francisco,3
1855,2854,Gloria Mariño-Company,9
1856,2855,Nereida Espejo Boada,2
1857,2856,Leire Cañete Gallardo,5
1858,2857,María Luisa Arnaiz Luque,5
1859,2858,Encarnación Girón Barriga,7
1860,2859,Pilar Leal Puente,6
1861,2860,María Manuela de Peiró,6
1862,2861,Carmela Morillo Pla,5
1863,2862,Álvaro Galan Sanabria,10
1864,2863,Elpidio Fabregat Peñas,5
1865,2864,Jenaro Ferrando Quesada,2
1866,2865,Sebastian Real Gallo,7
1867,2866,Crescencia de Robles,2
1868,2867,Cristian Porcel Saavedra,6
1869,2868,Iván Arteaga,6
1870,2869,Saturnina Roig Ruiz,10
1871,2870,Victoriano Bosch,6
1872,2871,Danilo Espada,8
1873,2872,Bautista Pombo,10
1874,2873,Belen Benitez Sastre,4
1875,2874,Magdalena Amador,8
1876,2875,Celestino Amigó Tirado,8
1877,2876,Custodio del Amigó,7
1878,2877,Amancio Carro Rodrigo,1
1879,2878,Azucena Colomer Hoyos,6
1880,2879,Lorena Herrera Ponce,5
1881,2880,Fabricio Amores Antón,9
1882,2881,Emilia Jimenez,7
1883,2882,Severino Sabater-Vázquez,1
1884,2883,Heliodoro Reina Rius,1
1885,2884,Quique Losada Martí,6
1886,2885,Abilio Agustín,4
1887,2886,Jonatan Barceló Cañas,2
1888,2887,Salomón Ramírez,1
1889,2888,Kike Jacobo Tapia Azcona,10
1890,2889,Esperanza Aguilera Estevez,9
1891,2890,Vinicio Alemany-Ferrero,7
1892,2891,Julián Sabater Moreno,2
1893,2892,Alejo Bonet Barrera,9
1894,2893,Ámbar Caballero Garcia,2
1895,2894,Maribel Trujillo,8
1896,2895,Gilberto Castells Carro,2
1897,2896,Estrella Roma Romero,9
1898,2897,Jaime Mascaró Marqués,9
1899,2898,Teófilo Ibáñez Narváez,7
1900,2899,Rico Amat Segovia,4
1901,2900,Ale Morante Casanova,8
1902,2901,Modesta López,3
1903,2902,Yolanda Álvaro Bas,7
1904,2903,Perla Angélica Rey Galiano,9
1905,2904,Nydia Pont Marin,1
1906,2905,Graciana Iniesta Vega,4
1907,2906,Maricela Íngrid Villena Bustamante,10
1908,2907,Benito Llanos Sierra,10
1909,2908,Olimpia Crespo Diez,9
1910,2909,Hernando Arteaga-Alonso,6
1911,2910,Mateo de Ramos,1
1912,2911,Vilma del Leal,1
1913,2912,Tecla Zabaleta Franch,9
1914,2913,Ana Sofía Ochoa,6
1915,2914,Silvia Bernad Blanca,1
1916,2915,Micaela Marcos,10
1917,2916,Tere Cuenca Cuervo,5
1918,2917,Isaías Pablo,1
1919,2918,Jose Carlos Alemán Fábregas,1
1920,2919,Dionisio Piñol-Lara,2
1921,2920,Rufino Ramón Carnero Amor,10
1922,2921,Paloma de Escolano,7
1923,2922,Isidora Cáceres,3
1924,2923,Lucho Timoteo Llopis Salom,7
1925,2924,Venceslás de Jover,1
1926,2925,José Mari Gilabert Martorell,3
1927,2926,Brunilda Iborra Zorrilla,3
1928,2927,Leyre Cantero Cabo,6
1929,2928,Amador Solís Toro,5
1930,2929,Ovidio Cortés Sarmiento,6
1931,2930,Abilio Villena Mosquera,4
1932,2931,Tomasa Martinez-Ledesma,5
1933,2932,Anastasio Correa Barreda,8
1934,2933,Blanca Prado Llanos,4
1935,2934,Antonio Ibarra Alba,7
1936,2935,Aurelio del Blanca,9
1937,2936,Nando del Millán,9
1938,2937,Andrés Felipe Cuervo-Barrena,10
1939,2938,Mariano Ruano-Barbero,3
1940,2939,Hernán Solana Borrego,8
1941,2940,Rosa Alsina,8
1942,2941,Baltasar Pintor Pinto,10
1943,2942,Mariana Morillo Salamanca,1
1944,2943,Macaria Rosalina Molina Castilla,1
1945,2944,Humberto Ballester-Hernández,3
1946,2945,Chelo Evangelina Diego Navarrete,6
1947,2946,Renato Franch Bonet,4
1948,2947,Odalys Alvarez Alemán,1
1949,2948,Lino Cantón Rozas,1
1950,2949,Angélica Sanz Priego,3
1951,2950,Evaristo Revilla Ugarte,1
1952,2951,Teodora Pinilla Ledesma,6
1953,2952,Ezequiel Belda Saez,6
1954,2953,Rosenda Pomares Vega,4
1955,2954,Flavio Torrecilla Perelló,9
1956,2955,Clotilde Polo Meléndez,10
1957,2956,Manuela Marco-Linares,10
1958,2957,Emperatriz Badía,4
1959,2958,Amador Sastre Verdejo,7
1960,2959,Régulo Sevillano Lopez,8
1961,2960,Jose Angel Moraleda,3
1962,2961,Nayara Camps Rueda,2
1963,2962,Evita Arroyo Calderón,4
1964,2963,Manola Morillo Valderrama,1
1965,2964,Teobaldo Cardona Márquez,4
1966,2965,Elías Figuerola Galiano,4
1967,2966,Cristian Carreras Roselló,10
1968,2967,Toño Vilaplana Uriarte,6
1969,2968,Reina Nogueira Puig,8
1970,2969,Pastora Barberá Paz,6
1971,2970,Amílcar Garzón Huertas,6
1972,2971,Consuela Dalmau,9
1973,2972,Marina Carina Prado Vilaplana,10
1974,2973,Simón del Lamas,6
1975,2974,Antonio Alcolea Briones,10
1976,2975,Aristides Palomino Portillo,4
1977,2976,Francisco Guillen Gimeno,5
1978,2977,Carmelita Otero Porcel,9
1979,2978,Ambrosio Cal Bustos,4
1980,2979,Josué Corominas,6
1981,2980,Paca Nevado,9
1982,2981,Rita Collado-Bosch,4
1983,2982,Federico Bueno Guijarro,6
1984,2983,Rodrigo Font Rey,5
1985,2984,Chus Baños Corral,1
1986,2985,Eligia Infante-Ortiz,9
1987,2986,Amor Salinas Benito,1
1988,2987,Ester Vigil Ferreras,7
1989,2988,Fernanda de Larrañaga,7
1990,2989,Florinda Luque Ibarra,4
1991,2990,Olimpia Montenegro Camino,8
1992,2991,Paola Córdoba-Piñeiro,4
1993,2992,Macario Navarrete Acedo,3
1994,2993,Ale Galvez Querol,4
1995,2994,Camila Guitart Lobo,5
1996,2995,Fidela de Valls,3
1997,2996,Matilde Torrents Pombo,5
1998,2997,Bernardo Oliver Olivares,3
1999,2998,Marita Armengol Arteaga,4
2000,2999,Alba Parejo Ugarte,8
2001,3000,Candelario Morata Sobrino,6
2002,3001,Chita Mosquera-Delgado,3
2003,3002,Valentina Villar Torrecilla,1
2004,3003,Rosenda Salgado Agustí,10
2005,3004,Clementina del Navas,4
2006,3005,Marco Martín Jiménez Manjón,7
2007,3006,Aurelio Manzano Saldaña,4
2008,3007,Régulo Narciso Pineda Cobos,4
2009,3008,Alejandro Izaguirre Fabra,2
2010,3009,Saturnino Rozas Aramburu,1
2011,3010,Cándida del Salom,3
2012,3011,Abraham Chico Nebot,4
2013,3012,Gerardo Sala Girón,1
2014,3013,Leonel Salom Valentín,1
2015,3014,Virginia Carpio Tomás,8
2016,3015,Leopoldo Narváez,1
2017,3016,Constanza Ayllón-Jaén,9
2018,3017,Graciela Mendizábal Almagro,5
2019,3018,María Belén Ferreras Múgica,10
2020,3019,Josefina Villaverde,9
2021,3020,Rufino Giménez Morata,3
2022,3021,Cirino Patiño Casanovas,8
2023,3022,Samuel Talavera,9
2024,3023,Jose Ramón Suárez Pont,8
2025,3024,Octavio Manzanares Español,5
2026,3025,Herberto Sáenz Busquets,4
2027,3026,Eloísa Ocaña Rocha,5
2028,3027,Gaspar Flor Morata,5
2029,3028,Lázaro Peiró,8
2030,3029,Valentina Sacristán Jiménez,4
2031,3030,Noé Leon Goicoechea,2
2032,3031,Severo Medina Enríquez,5
2033,3032,Felipa Escalona Carmona,10
2034,3033,Damián Cervera Guerrero,6
2035,3034,Manuela Perlita Pina Pedro,2
2036,3035,Augusto Coello Macías,2
2037,3036,Lope Doménech,6
2038,3037,Zoraida Guzman Coello,6
2039,3038,Narciso Avilés Bas,4
2040,3039,Soledad Gertrudis Solano Lluch,6
2041,3040,Marisol Plaza Barba,9
2042,3041,Luisa Vives-Bayón,8
2043,3042,Otilia Reig Ferrero,10
2044,3043,Constanza Serna Mariscal,3
2045,3044,Emma Núñez Ávila,8
2046,3045,Emperatriz Higueras Garrido,3
2047,3046,Olegario Barragán Infante,2
2048,3047,Gabino España Machado,2
2049,3048,Débora García Roig,2
2050,3049,Azahar Alegre Sureda,1
2051,3050,Pastor Coloma,6
2052,3051,Marcela Vigil Romeu,4
2053,3052,Victoriano del Segarra,10
2054,3053,Ramona Soto-Mercader,8
2055,3054,Lisandro Pereira Machado,2
2056,3055,Guadalupe Llano,5
2057,3056,Erasmo del Haro,6
2058,3057,Herminia Báez Jáuregui,5
2059,3058,Rubén Puerta Bayón,1
2060,3059,Rosa Dominguez,4
2061,3060,Victor Manuel Carmona Capdevila,4
2062,3061,Olegario Rosado,2
2063,3062,Gabriel Macario Oliver Ángel,4
2064,3063,Azahara Gil-Abella,9
2065,3064,Rosa María Florinda Avilés Carretero,3
2066,3065,Aurora Torrents Machado,8
2067,3066,Arcelia Yáñez Barriga,3
2068,3067,Lucila Carrasco-Duran,3
2069,3068,Chuy de Múñiz,3
2070,3069,Eutropio Linares Montaña,2
2071,3070,Matías Zabaleta Arranz,8
2072,3071,Octavio Ocaña Sanmiguel,4
2073,3072,Vinicio Peral Valenciano,9
2074,3073,Adelardo Nando Olivé Gallart,4
2075,3074,Juan José Portero Tudela,5
2076,3075,David Jose Antonio Manjón Carbajo,6
2077,3076,Bernardita de Collado,10
2078,3077,Nilda Bravo Ramis,8
2079,3078,Armando Ramis Cabrero,9
2080,3079,Filomena Rocamora Fonseca,9
2081,3080,Olga Bou Cobos,2
2082,3081,Primitivo Ropero Pulido,1
2083,3082,María Ángeles Ponce Angulo,7
2084,3083,Maximiliano Heliodoro Samper Castrillo,4
2085,3084,Clara Inés Cardona Rosa,3
2086,3085,Moisés Mas Guijarro,10
2087,3086,Donato Benavides Salgado,1
2088,3087,Cristian Baños Dueñas,9
2089,3088,Sandra Barco Rosado,8
2090,3089,Roxana Sáez Correa,6
2091,3090,Jose Antonio Heredia Becerra,8
2092,3091,Cornelio del Huertas,1
2093,3092,Agustín Gras,7
2094,3093,Estrella Perera Escamilla,7
2095,3094,Cruz Luque Escrivá,5
2096,3095,Emelina Cuéllar Torrens,9
2097,3096,Olimpia Dora Suárez Fabra,10
2098,3097,Amancio Jose Miguel Dávila Comas,4
2099,3098,Inés Serrano Nevado,3
2100,3099,Ale Losada,9
2101,3100,Reynaldo Adadia Chico,4
2102,3101,Benigna Escamilla Aguilera,1
2103,3102,Noemí Loreto Zapata Dávila,9
2104,3103,Elpidio Juan Luis Estévez Collado,7
2105,3104,Armida Elías-Manzano,2
2106,3105,Nazaret Zabala Mayo,8
2107,3106,Sebastián Balaguer Camino,8
2108,3107,Artemio Berto Garcia Piñeiro,10
2109,3108,Ainoa Puerta Cisneros,8
2110,3109,Candelaria Carolina Enríquez Naranjo,1
2111,3110,Adolfo Cerezo Tamarit,10
2112,3111,Camilo Curro Haro Vega,2
2113,3112,Mario Mate Anguita,4
2114,3113,Celestino Julián Español Estevez,9
2115,3114,Édgar Torre Nadal,9
2116,3115,Héctor Ibarra Nuñez,10
2117,3116,Priscila Cuevas Montero,4
2118,3117,Abigaíl Franco Batlle,9
2119,3118,Gerardo Vizcaíno Fabregat,7
2120,3119,Yéssica Bosch Pons,1
2121,3120,Luciana de Pujol,6
2122,3121,Candelaria Gisbert Iñiguez,3
2123,3122,Tito Cuevas Andreu,8
2124,3123,Eduardo Amador Batalla Escribano,2
2125,3124,Adela Morcillo Royo,9
2126,3125,Rosalina Carrasco Tamayo,4
2127,3126,Teófila Benito Cantero,6
2128,3127,Diego de Alcolea,4
2129,3128,Fermín Perelló-Pulido,9
2130,3129,Paola Pozo Atienza,10
2131,3130,Bernarda Saura,10
2132,3131,Francisco Jose Camps-Melero,4
2133,3132,Melchor Puga Casas,4
2134,3133,Patricia Varela Barón,1
2135,3134,Nicolasa Pereira Requena,10
2136,3135,Vidal Fuster Molins,10
2137,3136,Carina Huertas Ariño,9
2138,3137,Josefa de Acero,4
2139,3138,Graciana de Soriano,8
2140,3139,Berto Medina Adán,5
2141,3140,Carmen Brunilda Quero Atienza,4
2142,3141,Flavio Cózar Parra,1
2143,3142,Carmelita María Luisa Rivero Toledo,9
2144,3143,Rufino Egea Carvajal,3
2145,3144,Mohamed Ríos Verdugo,3
2146,3145,Ambrosio Angulo Bauzà,2
2147,3146,Teodora Lobato,3
2148,3147,María Manuela de Herrera,3
2149,3148,Florencia Cabezas,6
2150,3149,Rebeca Santos Losada,4
2151,3150,Inés Goñi-Roma,4
2152,3151,Fito Iniesta Llano,8
2153,3152,Nicolás Castelló Montenegro,8
2154,3153,Aránzazu Camps Sanmiguel,3
2155,3154,Ruperta Rios Pedrero,7
2156,3155,Jennifer Camino,4
2157,3156,Cayetana Torre Peñalver,2
2158,3157,Jenny Portero Jover,2
2159,3158,Bautista Pascual,10
2160,3159,Jafet Guzmán Casas,3
2161,3160,Nayara Simó Zamorano,1
2162,3161,Concepción Tormo Arias,8
2163,3162,Juan Manuel Morell-Gimenez,4
2164,3163,Marcela Guerra Carlos,9
2165,3164,Roberta España Cortina,6
2166,3165,Ale Matas,2
2167,3166,Lupe Carranza Valero,6
2168,3167,Esteban Barbero Jaume,6
2169,3168,Sonia Tejero,7
2170,3169,Fernando Cózar Montesinos,3
2171,3170,Melania Moll Galiano,4
2172,3171,Miriam Flor Llamas,2
2173,3172,Angelina Busquets Iglesias,9
2174,3173,Zacarías Valle Vall,7
2175,3174,Virginia Herminia Pina Franch,1
2176,3175,Juan Báez Macias,8
2177,3176,Rebeca Falcó Font,7
2178,3177,Martín Sanmartín Puig,3
2179,3178,Nerea Garay Bayona,5
2180,3179,Susanita Amat,9
2181,3180,Nydia Carbó,4
2182,3181,Otilia Solera Arnau,3
2183,3182,Nieves Costa Becerra,9
2184,3183,Celestino Pozuelo Giralt,3
2185,3184,Cristóbal Becerra Arranz,8
2186,3185,José Antonio Linares Uriarte,6
2187,3186,Pelayo Rosselló Salvà,2
2188,3187,Saturnino de Rey,5
2189,3188,Isaac Ariza Fábregas,3
2190,3189,Reinaldo Coca Larrañaga,4
2191,3190,Violeta Angulo Espinosa,7
2192,3191,Hernán Guillen Quiroga,1
2193,3192,Sigfrido Ropero Cortes,4
2194,3193,Odalys Marcela Lillo Monreal,5
2195,3194,Iris de Salamanca,10
2196,3195,Florencio Valls Cervera,10
2197,3196,Joan Azcona Aragonés,3
2198,3197,Rosario Rovira Miralles,9
2199,3198,María Teresa Varela Ibañez,3
2200,3199,Clementina Goicoechea Saez,1
2201,3200,Gastón Carreño Madrid,8
2202,3201,Hipólito Catalá Blanco,8
2203,3202,Clemente Alberto Seguí,3
2204,3203,Teresita Barriga Alemany,4
2205,3204,Hernán Iglesia Calvo,8
2206,3205,Nazaret Río Roldan,8
2207,3206,Fito López Donaire,5
2208,3207,Andrea Heredia Cózar,8
2209,3208,Candelas Perera Julián,7
2210,3209,Lourdes Mena Murcia,5
2211,3210,Jacinta de Cerro,6
2212,3211,Carina Nebot Revilla,3
2213,3212,Onofre Haro,9
2214,3213,Maura Haro Saavedra,9
2215,3214,Amanda Gárate Pareja,7
2216,3215,Edgardo Segismundo Jaén Ortiz,4
2217,3216,Guiomar Páez Torrents,6
2218,3217,Mateo del Cabrera,2
2219,3218,Adelaida Gallego Macías,4
2220,3219,Custodio Hector Ángel Coca,5
2221,3220,Candelario Martin Conde Bernal,8
2222,3221,Judith Maestre,6
2223,3222,Simón Canales-Palacio,8
2224,3223,Cintia Pera Viña,10
2225,3224,Fidela Serrano Castro,6
2226,3225,Simón Castellanos Gimenez,8
2227,3226,Raimundo Lobato Ruiz,9
2228,3227,Valentín Luján Olivé,10
2229,3228,Bárbara Seguí-Martín,4
2230,3229,Constanza Pareja Valbuena,9
2231,3230,Arturo del Vara,1
2232,3231,Adoración Echevarría Morante,8
2233,3232,Carmen Vilanova Jurado,10
2234,3233,Miguel Beltran Manso,8
2235,3234,Amando Ferrera,7
2236,3235,Blas Carrasco Lobo,10
2237,3236,Adelina Pera Font,6
2238,3237,Maxi Melero Dalmau,8
2239,3238,Jovita Baró Aragonés,3
2240,3239,Teófila Feijoo Casanova,1
2241,3240,Berta Isaura Castellanos Ballester,5
2242,3241,Raquel Clavero Angulo,7
2243,3242,Domingo Córdoba Perelló,7
2244,3243,Adelaida Carballo Cornejo,4
2245,3244,Manuela Riquelme,6
2246,3245,Viviana Pardo Ferrández,2
2247,3246,Sebastián Heredia Iborra,7
2248,3247,Sarita Arce Blasco,1
2249,3248,Lalo Ponce Rosales,10
2250,3249,Dorotea Alonso Estevez,4
2251,3250,Francisco Vaquero Puente,10
2252,3251,Merche Osuna Caro,1
2253,3252,Evita Alfaro Mur,5
2254,3253,Sergio Grau Higueras,1
2255,3254,Manola Nilda Alegria Cabezas,1
2256,3255,Reyes Arévalo Valbuena,6
2257,3256,Eliana Elisa Batalla Busquets,5
2258,3257,Merche Martorell Fabregat,6
2259,3258,Sigfrido Barba Castejón,9
2260,3259,Vinicio Coloma,10
2261,3260,Aarón Acero-Capdevila,3
2262,3261,Mariano Hernán Hervia Perelló,1
2263,3262,Montserrat Eugenia Gómez Muñoz,2
2264,3263,Victor Maldonado-Barriga,1
2265,3264,Samuel del Izquierdo,4
2266,3265,Mariana Mena,10
2267,3266,Paulina del Francisco,9
2268,3267,Bernardino Álamo Fábregas,6
2269,3268,Encarnacion Puente-Marqués,8
2270,3269,Fernando Leopoldo Escobar Crespo,4
2271,3270,Elpidio Ureña Marín,8
2272,3271,Blanca Báez-Sureda,1
2273,3272,Ciro Pintor Maldonado,5
2274,3273,Virgilio Juan Font,5
2275,3274,Sabina Estevez Albero,9
2276,3275,Azahara Heras Borja,4
2277,3276,Ana Sofía Amigó-Torrent,8
2278,3277,Zacarías Iván Santos Juan,6
2279,3278,Estela Pont-Llanos,6
2280,3279,Dalila Alonso Alba,5
2281,3280,Isabela Nazaret Villar Gibert,10
2282,3281,Águeda Macías Miró,10
2283,3282,Dorotea Alegria-Olivé,4
2284,3283,Severino Miró,9
2285,3284,Emma Carmelita Nogués Calderón,8
2286,3285,Sancho Figueroa Echeverría,9
2287,3286,Juan Bautista Bosch Salazar,4
2288,3287,Graciana Viña Clavero,5
2289,3288,Casemiro Valbuena Navas,2
2290,3289,Jesusa Martin,1
2291,3290,Rosa Celestina Neira Ferrández,7
2292,3291,Eduardo Somoza Luís,2
2293,3292,Juliana del Belmonte,10
2294,3293,Purificación Bas Fiol,8
2295,3294,Samanta Matilde Córdoba Ribes,7
2296,3295,Anselmo Sosa Montenegro,7
2297,3296,Juan Luis Jeremías Jara Vilaplana,3
2298,3297,Chita Camino Vélez,6
2299,3298,Gastón Haro Lumbreras,8
2300,3299,Isidora Sales-Gutiérrez,5
2301,3300,Mauricio Gras Méndez,2
2302,3301,América Gelabert Isern,8
2303,3302,Piedad Piña Cantero,3
2304,3303,Ruperta Sanabria Prat,5
2305,3304,Florencia Brígida Alemany Tirado,9
2306,3305,Baudelio Herminio Jurado Pineda,10
2307,3306,Gabriela Lorenzo Ribes,8
2308,3307,Santos Alcalde Garmendia,8
2309,3308,Virginia Esther Catalá Losada,4
2310,3309,Francisco Javier Cuevas Segarra,2
2311,3310,Bernardita Castells,6
2312,3311,Marcelo de Huertas,7
2313,3312,Feliciano Sanjuan-Marqués,9
2314,3313,Guiomar Fabra,3
2315,3314,Jessica Sotelo Soria,10
2316,3315,María Ángeles de Prat,1
2317,3316,Eli Roldán Poza,8
2318,3317,María Jesús Lucas Vargas,7
2319,3318,Kike Sacristán Infante,6
2320,3319,Benito Benet Rodriguez,3
2321,3320,Jesusa Gisbert Uriarte,4
2322,3321,Julio César Hervia Pablo,8
2323,3322,Ximena Mármol Arroyo,3
2324,3323,Dulce Losa Palomo,10
2325,3324,Hector Clemente,7
2326,3325,Cloe Contreras Buendía,4
2327,3326,Susana Duran Álvarez,9
2328,3327,Ester Aguilar Jódar,9
2329,3328,Patricio Horacio Tovar Ramirez,8
2330,3329,Marina Berrocal Escrivá,1
2331,3330,Jose Manuel Martinez González,3
2332,3331,Noelia Pulido-Gascón,6
2333,3332,Rosenda Espinosa Pombo,4
2334,3333,América Manrique Pereira,8
2335,3334,Filomena Perelló,7
2336,3335,Goyo Hierro-Gallart,10
2337,3336,Evaristo Pont-Santana,3
2338,3337,Pascual del Hurtado,3
2339,3338,Cintia Aliaga Olmo,4
2340,3339,Ani de Larrea,6
2341,3340,Sabas Lledó Martin,2
2342,3341,Jorge de Cordero,1
2343,3342,Nydia Ferrán Tirado,5
2344,3343,Teodoro Abril Peinado,2
2345,3344,Noelia Amigó Palacios,9
2346,3345,Belen Cueto Novoa,7
2347,3346,Sandra del Rocha,5
2348,3347,Ovidio Colomer Cañellas,5
2349,3348,Carina Becerra Campoy,3
2350,3349,Paca Ríos-Campoy,3
2351,3350,Jose Miguel Galo Pera Bosch,3
2352,3351,Joaquín Machado,9
2353,3352,Abril Vives Asenjo,7
2354,3353,Matilde Talavera Pablo,5
2355,3354,Zaida Salinas Ariño,3
2356,3355,Guillermo Seguí Torrijos,1
2357,3356,Vinicio Cózar Lucena,7
2358,3357,Emigdio Carro-Jurado,5
2359,3358,Brígida Granados Álvarez,10
2360,3359,Mónica Ribes Garcés,6
2361,3360,Florentino Hoyos Lumbreras,9
2362,3361,Reyes Ernesto Moraleda Folch,7
2363,3362,Margarita Villar Paredes,2
2364,3363,Luis Ángel Corominas-Domínguez,8
2365,3364,Maricruz Calderon Palacio,9
2366,3365,Celestina de Lobo,1
2367,3366,Edgardo Mas Figueroa,10
2368,3367,Pepita Hernández Uría,4
2369,3368,Estrella Lobato Barroso,4
2370,3369,María Ángeles Coello Cueto,1
2371,3370,Ámbar Fernandez Pavón,4
2372,3371,Aitor Villaverde Royo,3
2373,3372,Felipa Flores Murcia,6
2374,3373,Manu Baena Arranz,9
2375,3374,Ariadna Sastre,5
2376,3375,León Bertrán Valcárcel,2
2377,3376,Bernardo Farré Rodríguez,5
2378,3377,Ovidio Martí Ribera,4
2379,3378,Nicolás Olivé-Barón,1
2380,3379,Estefanía Cuervo Caro,8
2381,3380,Claudio Blanes Vallejo,3
2382,3381,Miguela Somoza-Lasa,7
2383,3382,Genoveva Perelló,3
2384,3383,Máximo Prado Arranz,3
2385,3384,Tamara Murillo Cuéllar,5
2386,3385,Chema Gonzalo Ortuño Esparza,4
2387,3386,Teobaldo Miranda,1
2388,3387,Irma Uriarte Reguera,10
2389,3388,Sebastian Cal Laguna,1
2390,3389,Cecilio Ponce Carretero,5
2391,3390,Ágata Camino,3
2392,3391,Armando Guzmán Sabater,4
2393,3392,Ernesto Casal,4
2394,3393,Olimpia Trini Camps Piña,4
2395,3394,Haroldo Castañeda Font,7
2396,3395,Nazaret Castilla Cabo,4
2397,3396,Prudencio de Porcel,9
2398,3397,Marisa Nogués Ortuño,1
2399,3398,Severino Cuesta Redondo,7
2400,3399,Juan Carlos Jordán Ribas,4
2401,3400,Odalis Paula Pedrosa Catalá,6
2402,3401,Nazario Soriano,9
2403,3402,Francisco Javier Criado Abril,8
2404,3403,Javi Orozco Castells,2
2405,3404,Samanta Ortiz Artigas,4
2406,3405,Leonel Piñol Lorenzo,3
2407,3406,Paulina Galvez Jaume,4
2408,3407,Micaela Dueñas Ledesma,9
2409,3408,Abril Mendez,7
2410,3409,Esperanza Casanova Moreno,5
2411,3410,Odalys del Puente,7
2412,3411,Flavio Valentín Lamas,7
2413,3412,Eufemia Peral Ibañez,6
2414,3413,María Teresa Ferrera-Rocamora,9
2415,3414,Eleuterio Ledesma Valenzuela,9
2416,3415,Marina de Guzmán,2
2417,3416,Nacio de Pacheco,6
2418,3417,Fátima Cayetana Egea Parejo,3
2419,3418,Anastasia Jaume Rodríguez,1
2420,3419,Noemí Ripoll Saez,7
2421,3420,Rosario Uriarte Llanos,9
2422,3421,Flor Tudela Gutiérrez,8
2423,3422,Gustavo Barba Peláez,2
2424,3423,Nicolasa Juan Gimenez,8
2425,3424,Chus Trujillo Mendez,2
2426,3425,Rico Castillo Lerma,7
2427,3426,Melisa Duran Pombo,9
2428,3427,Irma Marqués Márquez,2
2429,3428,Ariadna Milla Salom,7
2430,3429,Heriberto Sebastián Carpio Fuster,2
2431,3430,Emma del Gibert,10
2432,3431,Paola Grau Seguí,5
2433,3432,Manuel Alemán Morales,6
2434,3433,Santiago Laguna Bárcena,2
2435,3434,María Manuela Pereira-Simó,6
2436,3435,Cesar Corominas Escribano,5
2437,3436,Ignacia Mariño Torre,1
2438,3437,Nélida Vega Guzmán,2
2439,3438,Heliodoro del Chaparro,2
2440,3439,Aarón Peralta Avilés,5
2441,3440,Ruth Natalia Duran Cervera,8
2442,3441,Pacífica Jennifer Ribera Tudela,8
2443,3442,Dolores Novoa Salazar,10
2444,3443,Isabela Palau Narváez,8
2445,3444,Andrés Pol Tudela,1
2446,3445,Jose Francisco Gámez Ayuso,3
2447,3446,Horacio Pinilla Vidal,3
2448,3447,Juan Manuel Farré Avilés,5
2449,3448,Celso del Ferrán,1
2450,3449,Augusto del Vives,6
2451,3450,Ruperto de Fuster,4
2452,3451,Marc Sola,3
2453,3452,Jessica Jara Serna,10
2454,3453,Áurea del Santiago,1
2455,3454,Teodosio Molins Serna,3
2456,3455,Jose Luis Olivera Álamo,9
2457,3456,Edelmiro Marin,7
2458,3457,Baltasar Pizarro Criado,10
2459,3458,Javi Vélez Arregui,3
2460,3459,Haroldo Pineda Gárate,6
2461,3460,Micaela Cadenas-Roldan,6
2462,3461,Ligia Bermudez Peña,5
2463,3462,Javier Aarón Mesa Cervantes,7
2464,3463,Cirino Barón Porcel,1
2465,3464,Basilio Carranza Gallart,8
2466,3465,Gonzalo Sanchez Sotelo,5
2467,3466,Gertrudis Villegas Martinez,8
2468,3467,Florina Galán Serrano,10
2469,3468,Bernarda Barón Cañas,8
2470,3469,Iker Rozas Barranco,2
2471,3470,María Belén Sanz-Teruel,8
2472,3471,Regina Tolosa Bermejo,9
2473,3472,Atilio Danilo Ibañez Barreda,4
2474,3473,Selena Royo,5
2475,3474,Selena Alcaraz Andrés,8
2476,3475,Juanito Ismael Zaragoza Tamarit,10
2477,3476,Mauricio de Solano,5
2478,3477,Leonel Calderon Valera,6
2479,3478,Amador Fabián Mas Lorenzo,4
2480,3479,Curro Ricart Sáenz,4
2481,3480,Cecilia de Bosch,3
2482,3481,Jose Francisco Ildefonso Estrada Expósito,5
2483,3482,Maura Cases Porta,5
2484,3483,Tere Chacón Aller,6
2485,3484,Dulce África Téllez Correa,8
2486,3485,Concepción Soler Rivero,5
2487,3486,Mario Montalbán Riba,4
2488,3487,Jeremías Gordillo,1
2489,3488,Celia Escolano Rosselló,5
2490,3489,Geraldo Cantón,10
2491,3490,Erasmo Arévalo Uribe,9
2492,3491,Lope Valcárcel Adán,10
2493,3492,Guiomar Bernal Coronado,2
2494,3493,Etelvina Valcárcel Crespi,2
2495,3494,Lucho Ledesma Cabrera,3
2496,3495,Ismael Gras Arroyo,2
2497,3496,Hermenegildo Salinas-Real,10
2498,3497,Leonor del Rosales,2
2499,3498,Magdalena Zapata Alemán,5
2500,3499,Agapito Toño Mata Rosado,7
2501,3500,Adelia Gonzalez Acero,4
2502,3501,Estrella Gisbert-Rosa,6
2503,3502,Cayetana Cazorla Guzman,7
2504,3503,Fausto Pepito Ribes Varela,3
2505,3504,Ramón Vergara Pizarro,5
2506,3505,Daniel Llorente Ortuño,3
2507,3506,Luis Miguel Guerrero,8
2508,3507,Quique Jenaro Mendoza Galindo,9
2509,3508,Eliseo Olmedo Madrigal,3
2510,3509,Victoriano Vives Anguita,7
2511,3510,Quirino Solsona Pino,2
2512,3511,Jorge Otero Belda,2
2513,3512,Clarisa Lago Navarro,3
2514,3513,Otilia Avilés Jurado,6
2515,3514,Rodrigo Narváez,4
2516,3515,Ana Belén Gargallo Palomar,6
2517,3516,Edelmiro Juan Manuel Vall Higueras,1
2518,3517,Alfonso Vilanova Jódar,1
2519,3518,Jose Miguel Sureda Francisco,8
2520,3519,Florina Vergara Soto,2
2521,3520,Juan Gutierrez Sarabia,10
2522,3521,Esmeralda Vicens Olivera,1
2523,3522,Demetrio Palacios Collado,5
2524,3523,Javiera Revilla Ibañez,10
2525,3524,Ascensión Cánovas Escudero,8
2526,3525,Cristóbal Serrano Bayona,7
2527,3526,Antonia Rodriguez Pozuelo,2
2528,3527,Aristides Pablo Fuster,2
2529,3528,Vasco Colomer,1
2530,3529,Jordán Carrillo Marcos,1
2531,3530,Teodosio Bolaños Llamas,10
2532,3531,Celestino Salvà Alsina,5
2533,3532,Gervasio Fuertes Hoyos,6
2534,3533,Celso Fábregas Crespi,4
2535,3534,Buenaventura Viñas Solís,3
2536,3535,Patricia del Duque,5
2537,3536,Aníbal Alvarez Ibarra,1
2538,3537,Brígida de Iriarte,3
2539,3538,Mariana Piedad Colom Vélez,3
2540,3539,Aureliano Cadenas Menendez,3
2541,3540,Samu Llorens Puerta,6
2542,3541,Clarisa Mir,5
2543,3542,Paca Mendoza Paniagua,10
2544,3543,Luis Miguel Espiridión Acuña Bernal,3
2545,3544,María Dolores Barrio Santiago,4
2546,3545,Eduardo Villar Antón,3
2547,3546,Vinicio Echeverría Gras,7
2548,3547,Armando Arias Belda,6
2549,3548,Olimpia Bernardita Amor Galindo,10
2550,3549,Pepe Torralba Ballesteros,2
2551,3550,Fulgencio Badía Dávila,3
2552,3551,Teófila Ojeda Bermudez,8
2553,3552,Juanito Víctor Alberto Guzman,3
2554,3553,Magdalena de Peral,3
2555,3554,Eva Dominga Guerra Torre,3
2556,3555,Telmo Salgado-Llobet,5
2557,3556,Prudencio Juan Arrieta Molina,5
2558,3557,Aarón Merino Patiño,2
2559,3558,Julio César Jerónimo Pineda Gil,6
2560,3559,Jordán Salazar Lucas,10
2561,3560,Modesta Gil Quero,9
2562,3561,Rodrigo Cepeda Cuervo,2
2563,3562,Leandro Frías Montalbán,10
2564,3563,Ceferino Riquelme Menendez,6
2565,3564,Nazaret Pera Bolaños,8
2566,3565,Quirino Juan-Pozo,6
2567,3566,Anastasio Cantero Morante,10
2568,3567,José Antonio Álvaro Carretero,10
2569,3568,Ibán Osorio Mendizábal,9
2570,3569,Ángel Amat Arregui,7
2571,3570,Imelda Tomas-Pedrero,5
2572,3571,Fermín Rey Olmo,6
2573,3572,Ruth Herranz,5
2574,3573,Nidia Jiménez-Santamaría,8
2575,3574,Haroldo Segura,10
2576,3575,César Vendrell Bejarano,2
2577,3576,Lupe Calderon Daza,5
2578,3577,Aarón Baños Fajardo,10
2579,3578,Cayetana Azcona,7
2580,3579,Herminio Enríquez-Burgos,10
2581,3580,Fausto Cordero Oliveras,5
2582,3581,Jose Miguel Borrás-Madrigal,9
2583,3582,Vicente Venceslás Vélez Escolano,6
2584,3583,Estela Marisol Yáñez Cortina,4
2585,3584,Teófilo Recio-Fábregas,9
2586,3585,Apolonia Aurelia Vicens Frías,5
2587,3586,Rufino Cobos-Elorza,8
2588,3587,Gabino Anguita Samper,8
2589,3588,Natanael Vargas Fuertes,1
2590,3589,Severiano Benet Tur,7
2591,3590,Marcelino Abril Bartolomé,7
2592,3591,Miguela Cornejo Menendez,10
2593,3592,Marcio Esteban Rubio,9
2594,3593,Norberto Infante-Tomás,5
2595,3594,Damián Sabater Villegas,7
2596,3595,Macarena Diaz Zaragoza,6
2597,3596,Jose Mayo Chaparro,7
2598,3597,Nando Calderon,5
2599,3598,Victorino Patricio Sosa Feliu,4
2600,3599,Begoña Arnal Girón,1
2601,3600,Ismael Pla Ocaña,7
2602,3601,Prudencia Gisbert Hurtado,7
2603,3602,Onofre Aranda Mayo,8
2604,3603,Natalio Correa Jover,3
2605,3604,Macaria Lloret Quiroga,6
2606,3605,Carlota Tormo Palacio,2
2607,3606,Juan Luis Molins Murillo,6
2608,3607,Marisa Llabrés Casanova,9
2609,3608,Jose Angel Folch Asenjo,1
2610,3609,Ema Luís Romeu,7
2611,3610,Gervasio Romero López,8
2612,3611,Martina Sala Estevez,4
2613,3612,Glauco Guitart,1
2614,3613,Ruperto de Diéguez,5
2615,3614,Tristán Gallardo,7
2616,3615,Malena Pizarro Pedrero,3
2617,3616,Julián Cabello,7
2618,3617,Sandalio Rolando Coronado Cabezas,3
2619,3618,Dionisia Adelia Barrena Sala,5
2620,3619,Rita Nadal Prats,1
2621,3620,Encarnacion Palacio Caro,5
2622,3621,Maximiano Angulo Lobato,9
2623,3622,Marcos Vargas-Santos,10
2624,3623,Américo Muñoz Fábregas,7
2625,3624,Roxana Amores Reig,10
2626,3625,Leopoldo Heras Solano,3
2627,3626,Héctor Mata Calzada,8
2628,3627,Íñigo Rivas,3
2629,3628,Paz Rodrigo,6
2630,3629,Yago Carmona Escalona,10
2631,3630,Noa Borrás Bayona,4
2632,3631,África Juárez Castelló,2
2633,3632,Estela Araceli Moliner Armengol,6
2634,3633,Luisa Recio Saldaña,2
2635,3634,Sabina Lobo Cabrero,7
2636,3635,Leandro Villalonga Fabregat,4
2637,3636,Ibán Riera,8
2638,3637,Reyna Cánovas-Lledó,1
2639,3638,Jose Francisco Mario Domingo Guerrero,3
2640,3639,Heliodoro Carrasco,7
2641,3640,Juan López,7
2642,3641,Dalila Arteaga Ibañez,7
2643,3642,Casandra de Ríos,3
2644,3643,Pía Robledo Barriga,8
2645,3644,Clímaco del Alegre,6
2646,3645,Natanael Pinedo Tejedor,7
2647,3646,Salomé Salomé Acedo Padilla,7
2648,3647,Olalla Saez Santana,1
2649,3648,Mónica Olivera Puig,2
2650,3649,Alex Arnau Sales,6
2651,3650,Eli Mariño-Piña,8
2652,3651,Rodrigo de Ayuso,6
2653,3652,Encarna Folch-Goicoechea,10
2654,3653,Prudencio Quesada Tena,2
2655,3654,Esther Ortuño,2
2656,3655,Amor Barreda,2
2657,3656,Fabián Crespo Toro,2
2658,3657,Zaira Pelayo Piñeiro,9
2659,3658,Jose Antonio Ortuño Esteban,7
2660,3659,Aurora Vall Manuel,7
2661,3660,Brígida Sobrino Mora,2
2662,3661,Hortensia Soriano Barceló,5
2663,3662,Paloma de Boix,3
2664,3663,Amaya Gabaldón Cañizares,7
2665,3664,Marcial Gilberto Losada Suarez,1
2666,3665,Desiderio de Verdú,7
2667,3666,Albert Frías Hernández,10
2668,3667,Amaya Cabo Nogueira,1
2669,3668,Baltasar del Roman,7
2670,3669,Aníbal Roca Belmonte,2
2671,3670,Marcio Llano Porta,1
2672,3671,Rosendo Corominas Nogués,2
2673,3672,María Dolores Crespi,5
2674,3673,Joel Reguera Fernandez,7
2675,3674,Reina Barrena,4
2676,3675,Maricela Cifuentes Chamorro,8
2677,3676,Porfirio Pomares,2
2678,3677,Albano Linares Tormo,10
2679,3678,Mar Borja Cano,7
2680,3679,Laura Aznar Suarez,7
2681,3680,Asunción Perera Diaz,10
2682,3681,Herminio Samper Gallego,4
2683,3682,Cruz Montero Bas,5
2684,3683,Sofía del Mora,9
2685,3684,Raquel Viana Sala,1
2686,3685,Isidora Piña,6
2687,3686,Aarón de Heras,6
2688,3687,Encarnita Castejón Marcos,10
2689,3688,Rosa María Frías Gibert,9
2690,3689,Danilo Blanch Tamarit,8
2691,3690,Odalis Castillo Juárez,3
2692,3691,Palmira Ricart Sans,10
2693,3692,Julieta Serra-Uría,5
2694,3693,Dulce Ferrán Poza,5
2695,3694,Ángel Ochoa Gras,1
2696,3695,Valerio Sierra Morante,4
2697,3696,Vidal Aguilera Anaya,8
2698,3697,Florencia Manso Vigil,7
2699,3698,Carla Vilanova Gárate,6
2700,3699,Socorro Ángela Valbuena Martín,3
2701,3700,Josefina Gonzalo Ariño,5
2702,3701,Sonia Recio Pascual,8
2703,3702,Ana Sofía del Salamanca,4
2704,3703,Victor del Barco,5
2705,3704,Guadalupe Egea Barón,5
2706,3705,Anselma Villaverde,10
2707,3706,Alicia Santamaría Martin,7
2708,3707,Leticia Llanos Isern,9
2709,3708,Cebrián Segarra-Saura,4
2710,3709,Fermín Navarrete Torrijos,4
2711,3710,Luciana de Jódar,9
2712,3711,Macario Lumbreras Landa,5
2713,3712,Reinaldo Hilario Santana Mayol,3
2714,3713,María Dolores Blanco,1
2715,3714,Elena Martín Alvarez,9
2716,3715,Tito Díaz Fuentes,2
2717,3716,Eliana Rueda Cabanillas,1
2718,3717,Artemio Mora Verdú,9
2719,3718,Aarón Figuerola,6
2720,3719,Ángeles Melania Peral Mata,4
2721,3720,Clemente Díaz Boix,10
2722,3721,Jennifer Bonet Carnero,3
2723,3722,Modesta Bermudez Aparicio,9
2724,3723,Aitor Maestre,1
2725,3724,Miriam del Alegria,10
2726,3725,Ale Martorell Serra,6
2727,3726,Quirino Arenas Collado,7
2728,3727,Eva María Casas Agudo,2
2729,3728,Lucila Redondo-Camino,3
2730,3729,Florina Torrijos Camps,8
2731,3730,Alcides Puerta Perales,10
2732,3731,Teodoro Lucena León,7
2733,3732,Severino Ureña Rincón,8
2734,3733,Eric Eligio Cueto Alberdi,8
2735,3734,Cecilio Pacheco Leiva,4
2736,3735,Diana Reig Santamaria,1
2737,3736,Plinio Lillo Castañeda,2
2738,3737,María Del Carmen del Carbajo,4
2739,3738,Delia Ámbar Crespi Montes,10
2740,3739,Clotilde Ruano Oliva,10
2741,3740,Jose Ignacio Herrero-Melero,7
2742,3741,Santos de Otero,6
2743,3742,Flora Briones Hernández,9
2744,3743,Gregorio Feliu,1
2745,3744,Elías Blasco-Mulet,2
2746,3745,Mamen Ariza Rodrigo,1
2747,3746,Daniela Serafina Lasa Conde,6
2748,3747,Maxi Solera Ibáñez,9
2749,3748,Sandalio del Alsina,5
2750,3749,Omar Paz Torralba,9
2751,3750,Marita Valenzuela Figueroa,7
2752,3751,Vasco Salgado,7
2753,3752,Camila Manrique Leal,9
2754,3753,Gerardo Pinilla-Iñiguez,2
2755,3754,Nidia Calzada,4
2756,3755,Reinaldo Rodrigo-Company,7
2757,3756,María Dolores Ribera Vilanova,7
2758,3757,Estrella Arnal Mulet,4
2759,3758,Flavio Suarez Planas,6
2760,3759,Rosalina Paloma Toledo Arévalo,9
2761,3760,Encarna Ferrando,3
2762,3761,Ambrosio Jove-Salvador,7
2763,3762,Quique Ayuso Rodríguez,8
2764,3763,Ceferino Ureña Tomas,1
2765,3764,Isaac Jódar Rubio,8
2766,3765,Magdalena Tovar Montoya,3
2767,3766,Reynaldo del Ojeda,8
2768,3767,Fabiana Fidela Montoya Mínguez,2
2769,3768,Jacobo Español Anguita,1
2770,3769,Guadalupe Santos Gargallo,7
2771,3770,Jose Francisco Uría,4
2772,3771,Primitivo Canales-Frutos,4
2773,3772,Nuria Iris Sainz Jerez,1
2774,3773,Manuela Vizcaíno Solera,8
2775,3774,Lola Hoz Bastida,6
2776,3775,Perla Pombo Pablo,1
2777,3776,Pía Andrés Gisbert,7
2778,3777,Mateo Otero Mateu,9
2779,3778,Eugenio Feliu Meléndez,3
2780,3779,Macarena del Botella,4
2781,3780,Jesús de Mayoral,6
2782,3781,Roxana Pujol Iglesias,10
2783,3782,Basilio Zamora-Espejo,10
2784,3783,Ángeles Novoa-Collado,6
2785,3784,Beatriz Cánovas-Huertas,8
2786,3785,Sol Figueras Armengol,9
2787,3786,Abraham Verdugo Santamaría,1
2788,3787,Reyes Bayona Duque,5
2789,3788,Enrique Mora Marcos,3
2790,3789,Bernabé Padilla Sanchez,4
2791,3790,Eva Marqués Quevedo,6
2792,3791,Azucena Perez Rios,3
2793,3792,Maura Farré,3
2794,3793,Carmela Yáñez Blazquez,3
2795,3794,Fortunato Nadal Dávila,9
2796,3795,Juanita Reina,5
2797,3796,Remedios Moles Fortuny,9
2798,3797,Sara Puerta Toledo,9
2799,3798,Iker Abascal Sanchez,2
2800,3799,Eleuterio Rivas Mora,7
2801,3800,Venceslás Sanmartín Carretero,9
2802,3801,Camila Miró Pavón,2
2803,3802,Adora Zaragoza Macías,2
2804,3803,León Trujillo Pulido,5
2805,3804,José Luis de Flores,6
2806,3805,Nazario Ruiz Valentín,2
2807,3806,Geraldo Camino-Perez,5
2808,3807,Fidela Aguirre,10
2809,3808,Angélica Bosch Villalonga,4
2810,3809,Juan Antonio Artemio Amor Cabeza,10
2811,3810,Anacleto Hipólito Ramirez Iglesia,5
2812,3811,Nayara Pedrero Avilés,3
2813,3812,Leyre Vazquez Lluch,7
2814,3813,Amancio de Casares,4
2815,3814,Marcio Juan Carlos Puerta García,6
2816,3815,Ligia Echevarría Martorell,5
2817,3816,Felipa Linares Coca,7
2818,3817,Glauco del Fabra,10
2819,3818,Maricela Cordero Miranda,8
2820,3819,Juliana Cuervo Olivera,10
2821,3820,Faustino Simó Montero,9
2822,3821,Paulino Godoy-Barrena,8
2823,3822,Verónica Querol Guzmán,6
2824,3823,Clotilde Falcó Yáñez,4
2825,3824,Sabas Calisto Portillo Guerra,2
2826,3825,Áurea Pellicer Blázquez,10
2827,3826,Lupe Soria Abellán,3
2828,3827,Wilfredo del Muñoz,7
2829,3828,Gerónimo Montoya Viña,6
2830,3829,Tadeo Amat Carballo,3
2831,3830,Celia Artigas Vélez,4
2832,3831,María Aníbal Beltran Agudo,9
2833,3832,Olimpia del Borja,2
2834,3833,Mariana Jordá Bas,4
2835,3834,Julieta Téllez Jerez,2
2836,3835,Nilda Aguado Escobar,7
2837,3836,Eligia Frutos Rojas,5
2838,3837,Marciano Giralt-Vélez,8
2839,3838,Rubén Núñez Prado,6
2840,3839,Nilo Epifanio Benavides Rosa,10
2841,3840,Mayte del Juan,6
2842,3841,Octavio Leal Miranda,5
2843,3842,Luis Ángel Garriga-Gallardo,7
2844,3843,Juanita Ángeles Medina Romero,9
2845,3844,Calisto del Cabrera,4
2846,3845,Aurora Diez Caballero,5
2847,3846,Pastor Garzón Porcel,1
2848,3847,Hernán Julián,6
2849,3848,Odalis Izaguirre Osorio,5
2850,3849,Amancio Cerdá Lladó,7
2851,3850,Buenaventura Arco Ariño,7
2852,3851,Merche Tirado Huguet,5
2853,3852,Azucena Prats Cazorla,2
2854,3853,Paz Cano Cañellas,4
2855,3854,Edmundo de Torres,2
2856,3855,Gil Martorell-Alba,6
2857,3856,Mateo Bosch Aragón,6
2858,3857,Paco Benavent Bolaños,2
2859,3858,Ariel Bayón Giménez,4
2860,3859,Quirino Asenjo,10
2861,3860,Teresita Nogueira Barreda,6
2862,3861,Jovita Armengol Villar,2
2863,3862,Abel Cepeda Aroca,1
2864,3863,Javiera Jara Montalbán,3
2865,3864,Aureliano Tolosa-Tomé,3
2866,3865,Plácido del Menéndez,4
2867,3866,Jose Luis de Sanchez,8
2868,3867,Juan Pablo Benavides,5
2869,3868,Marcelo Peláez Chico,4
2870,3869,Victor Arnal,9
2871,3870,Jaime Blanca,9
2872,3871,Chucho Pazos Conesa,6
2873,3872,Adelaida Bermúdez Gomila,5
2874,3873,Guadalupe Parra Boix,3
2875,3874,Che Gallardo Aznar,4
2876,3875,Fidel Delgado,3
2877,3876,Juan Colomer Valero,3
2878,3877,Araceli Mayte Tejada Esparza,9
2879,3878,Lupe Marco,9
2880,3879,Angelina Somoza Mateos,3
2881,3880,Candelaria Aparicio Abascal,7
2882,3881,Jennifer Jiménez,3
2883,3882,Pablo Cárdenas Palacio,8
2884,3883,Jacobo Esteve-Donoso,5
2885,3884,Mohamed Segovia,5
2886,3885,Miriam Núñez Bru,10
2887,3886,Herminio Rosado Serrano,2
2888,3887,Ramón Jimenez Beltran,5
2889,3888,Débora Vázquez Galiano,6
2890,3889,Paula Aparicio Riera,8
2891,3890,Maxi Machado Vidal,3
2892,3891,Iker Ferrera-Acuña,1
2893,3892,Gil de Briones,1
2894,3893,Mireia Somoza Manrique,10
2895,3894,Salvador Huertas Martínez,10
2896,3895,Hilario Cid,5
2897,3896,Jose Luis Doménech Gual,1
2898,3897,Lucila Jimenez Zabala,8
2899,3898,Lupe Parra Herrera,2
2900,3899,Olegario Donaire Otero,6
2901,3900,Fanny Higueras Larrañaga,3
2902,3901,Aránzazu Dominguez Diez,9
2903,3902,Vanesa Acero Llanos,1
2904,3903,Cesar Guardiola Bermúdez,3
2905,3904,Celso Rubén Porta Benavides,2
2906,3905,Flavio Vidal Alberdi,3
2907,3906,Bernardino de Mesa,8
2908,3907,Ema Adelina Ferrán Gual,10
2909,3908,Zoraida Blanca,3
2910,3909,Pepito Roura-Domínguez,4
2911,3910,Matías Gallart Perera,9
2912,3911,Jenaro de Tomás,4
2913,3912,Encarnación Azorin,10
2914,3913,Felix Sastre-Almansa,6
2915,3914,Teodosio Chus Ramón Cabrero,5
2916,3915,Tomás Higueras,3
2917,3916,Celestino Cortes,9
2918,3917,Pacífica Bayo,4
2919,3918,Rosa Esteve Amores,1
2920,3919,Daniela del Manrique,5
2921,3920,Cecilio Bonet Escribano,3
2922,3921,Jeremías Madrigal Amorós,4
2923,3922,Rosa María Carvajal Lamas,4
2924,3923,Maximiliano Piñeiro Montserrat,6
2925,3924,Glauco Torre Marí,5
2926,3925,Isaías Eduardo Guillen Serrano,6
2927,3926,Julián Bauzà-Verdejo,2
2928,3927,Carmelita Marco,8
2929,3928,Saturnino Boada Espinosa,8
2930,3929,Jimena Aguilar Jover,8
2931,3930,Benjamín Jacinto Manuel Anglada,6
2932,3931,Nayara de Fabregat,6
2933,3932,Tania Peiró,10
2934,3933,Lucho Segarra Uribe,4
2935,3934,Jose Ramón Aller Camacho,8
2936,3935,Amando Castrillo Otero,2
2937,3936,Lola Asenjo Fuertes,5
2938,3937,Amílcar Vila Iriarte,7
2939,3938,Eleuterio Pascual Correa,3
2940,3939,Federico Pizarro Calvo,4
2941,3940,Marcos Cornejo Cortes,6
2942,3941,Paz de Perales,1
2943,3942,David Varela-Roig,5
2944,3943,Concha Cabo Maldonado,3
2945,3944,Débora Llorente Guerra,10
2946,3945,Bibiana Amanda Chico Bautista,3
2947,3946,Virginia Uriarte Tejera,1
2948,3947,Félix Murcia Salvador,5
2949,3948,Natividad Casas Menendez,1
2950,3949,Rafaela Marquez Bermejo,10
2951,3950,Juan Carlos Catalá Sacristán,3
2952,3951,Anna Jover,3
2953,3952,Charo Barón Godoy,9
2954,3953,Etelvina Poza Quevedo,6
2955,3954,Victor Manuel Borrás Roura,4
2956,3955,Luz Cabañas Rueda,6
2957,3956,Vidal Garmendia Pérez,1
2958,3957,Selena Mendoza Peláez,4
2959,3958,Dalila Perelló Miró,1
2960,3959,Manuelita Cruz Carro,10
2961,3960,Javi Jordi Quintero Azcona,5
2962,3961,Genoveva Palacios Viana,8
2963,3962,Asdrubal Sandoval Tejero,10
2964,3963,Belen Palmer Azcona,9
2965,3964,Ciríaco Posada Barón,9
2966,3965,Silvia Benítez Sanjuan,1
2967,3966,Perla Merino-Feijoo,8
2968,3967,Pastora Ferrando Benavent,9
2969,3968,Leopoldo Bermúdez Belmonte,6
2970,3969,Paz Benet Figueras,3
2971,3970,Chucho de Barriga,7
2972,3971,Bernardino Escrivá Pomares,8
2973,3972,Yésica Antúnez Cabañas,1
2974,3973,Anselmo Peiró Ávila,8
2975,3974,Telmo Pereira-Ayuso,6
2976,3975,Celestina Izaguirre,8
2977,3976,Luis Alberdi Pastor,4
2978,3977,Inés Herranz Gonzalo,7
2979,3978,Juanita Escrivá Barco,6
2980,3979,Tecla Blanes Girona,2
2981,3980,Eugenia Segura Huertas,1
2982,3981,Juan Bautista Lopez Feliu,6
2983,3982,Lorenzo Busquets Blasco,2
2984,3983,Agustín Mayo Peláez,10
2985,3984,Noa Torrents Isern,2
2986,3985,Marcelino Armas Pellicer,8
2987,3986,Chema Falcó Araujo,6
2988,3987,Emilia Claudia Pazos Fernandez,3
2989,3988,Lucila Morell-Maza,5
2990,3989,Pepe Asensio Herrera,2
2991,3990,Marisa Miguel-Domingo,6
2992,3991,Marcial Aguilar Chamorro,7
2993,3992,Fabricio Nieto Coello,6
2994,3993,Hilario Miralles Valenzuela,1
2995,3994,Román Eutropio Soria Ponce,1
2996,3995,Irma Gomez Valera,1
2997,3996,Jeremías Dávila,10
2998,3997,Porfirio Paredes Cruz,10
2999,3998,José Posada Rebollo,2
3000,3999,Epifanio Dávila Ramón,6
3001,4000,Demetrio Calvet Rubio,3
3002,4001,Cayetana Casals Pla,4
3003,4002,Armida Girón Bonet,2
3004,4003,Joan del Bellido,5
3005,4004,Primitiva Murillo Cordero,1
3006,4005,Paloma Mena-Pla,2
3007,4006,Mireia Valenzuela-Llorente,4
3008,4007,Renata Agustí Diez,1
3009,4008,Sofía Ibañez Armas,6
3010,4009,Adelaida Lladó Arribas,9
3011,4010,Martin Orozco Vallés,6
3012,4011,Calixto Checa Calzada,9
3013,4012,Dionisia Sarmiento,5
3014,4013,Pascual Galvez-Rivera,4
3015,4014,Valeria Gual Luque,3
3016,4015,Gregorio Escudero Gilabert,10
3017,4016,Hernán Murillo Oliva,9
3018,4017,Carla Carrión Canales,4
3019,4018,Diana Menendez Hurtado,2
3020,4019,Abel Barrios Cases,4
3021,4020,Maximiano Casanova-Rebollo,10
3022,4021,Albino de Castilla,5
3023,4022,Rafael de Esteve,7
3024,4023,Bartolomé Zaragoza-Puig,8
3025,4024,Teo Briones,7
3026,4025,Áurea Oliveras Amaya,7
3027,4026,Rufina Emma Redondo Dávila,10
3028,4027,Noa Pujadas Medina,3
3029,4028,Micaela Cáceres-Olivé,2
3030,4029,Manolo Carretero Alcázar,6
3031,4030,Leocadio Alegria,1
3032,4031,Juan Antonio Bello Solís,3
3033,4032,Claudia Jáuregui Iniesta,6
3034,4033,Jordi Guardiola Carrasco,3
3035,4034,Eleuterio Rosa,10
3036,4035,Malena Soraya Alberola Díaz,10
3037,4036,Crescencia Velázquez Clemente,3
3038,4037,Claudio Alcázar Tejera,6
3039,4038,Jesusa Luna Guzman,10
3040,4039,Poncio Calatayud Caparrós,3
3041,4040,Bautista Villar Pi,3
3042,4041,Jorge Pintor-Aragonés,2
3043,4042,Bonifacio Lino Lillo Ríos,8
3044,4043,Jenny Apolonia Sarabia Cantón,1
3045,4044,Luís Lobo Cerdá,4
3046,4045,Arcelia Higueras-Saura,5
3047,4046,Trini Mulet Montero,1
3048,4047,Edmundo Isidoro Torrecilla Gutierrez,10
3049,4048,Custodio Barbero González,3
3050,4049,Ciríaco Telmo Uriarte Castañeda,4
3051,4050,Luisina Cáceres Gargallo,7
3052,4051,Cecilia Cadenas Posada,8
3053,4052,Osvaldo Juan Francisco Molins Rodriguez,10
3054,4053,María Dolores González-Maestre,1
3055,4054,Cosme Aroca Iniesta,6
3056,4055,Valerio Plinio Rico Yuste,2
3057,4056,Eric Valbuena,5
3058,4057,Gregorio Cristóbal Águila Zapata,8
3059,4058,Valeria Noriega Rocamora,1
3060,4059,Marcio Alcaraz Arroyo,7
3061,4060,Evangelina Girón Mayo,7
3062,4061,Elpidio Gomis-Alvarez,1
3063,4062,Graciela Vidal Pulido,5
3064,4063,María Dolores Naranjo Carrasco,8
3065,4064,Hilda Cañellas Álvarez,4
3066,4065,Javier Mora-Martinez,3
3067,4066,Iván Arribas Lara,7
3068,4067,Manuel Morales-Andrés,10
3069,4068,Milagros Garmendia Vila,8
3070,4069,Inocencio Folch-Amador,9
3071,4070,Nadia Cerezo Jimenez,8
3072,4071,Andrés de Manrique,5
3073,4072,Édgar Bermudez Botella,7
3074,4073,Glauco Hernandez Pérez,6
3075,4074,Artemio Oller Catalá,10
3076,4075,Piedad Sala-Suarez,4
3077,4076,María Belén Arana Nevado,6
3078,4077,José Mari Castillo,5
3079,4078,Lalo Bermejo Aguilar,4
3080,4079,Edgardo Toro Ayllón,3
3081,4080,Nico Sáez-Carranza,7
3082,4081,Luís Agudo-Poza,5
3083,4082,Vidal Andrés Felipe Higueras Aguirre,3
3084,4083,Adelaida Ferrero Ros,7
3085,4084,Armando Barriga Jover,5
3086,4085,Enrique Rivero-Bustos,9
3087,4086,Mauricio Galan Madrigal,1
3088,4087,Plácido Enríquez Bernal,1
3089,4088,Pedro Galan-Pascual,7
3090,4089,Sol Estévez Cano,9
3091,4090,Palmira Alberdi Egea,4
3092,4091,Nuria Yuste Mancebo,7
3093,4092,Fabiola Larrea Losada,9
3094,4093,Blas Macías Alberto,9
3095,4094,Ruth Campoy Sedano,8
3096,4095,Nicolasa Rosales Oller,5
3097,4096,Geraldo Palomino Sanchez,6
3098,4097,Kike Peral Huguet,6
3099,4098,Juan Luis Quintana Moreno,2
3100,4099,Eduardo Santos Berrocal,10
3101,4100,Anselmo Arellano,5
3102,4101,Fidel Cabanillas-Cañete,10
3103,4102,Benigno Mascaró Mendez,5
3104,4103,Nazaret Antúnez Ortega,8
3105,4104,Leandra Pascual Linares,1
3106,4105,Ale Jara Sala,8
3107,4106,Isa Herminia Aragón Domingo,9
3108,4107,Emperatriz de Ojeda,2
3109,4108,Débora Agustina Fernández Boix,4
3110,4109,Ángel Alcalde Franco,5
3111,4110,Gustavo Jose Sevillano Núñez,7
3112,4111,Onofre del Torrijos,8
3113,4112,Moreno Llanos Mena,4
3114,4113,Viviana Consuelo Casas Teruel,7
3115,4114,Maribel Sanz Contreras,5
3116,4115,Violeta Gelabert Salvà,5
3117,4116,Trini Zabala Vigil,9
3118,4117,María Fernanda Sáez Canals,7
3119,4118,Gabino Martorell Dominguez,8
3120,4119,Alma Checa Sola,7
3121,4120,Salomé Gonzalez,1
3122,4121,Maximino de Jaén,4
3123,4122,Yéssica Padilla Catalán,9
3124,4123,Encarnacion Calderón Pulido,4
3125,4124,Maxi Suárez Bayón,7
3126,4125,Estefanía Haro Pazos,4
3127,4126,Vinicio Céspedes Barroso,9
3128,4127,Petrona Moreno-Iglesias,10
3129,4128,Ámbar López Blasco,9
3130,4129,Bárbara Chaparro Lopez,6
3131,4130,Tito Giner Sanabria,9
3132,4131,Néstor Lladó Ortega,1
3133,4132,Francisco Javier de Torrent,3
3134,4133,Angélica Segarra Parejo,9
3135,4134,Aristides Osorio,9
3136,4135,Primitivo Naranjo Piquer,7
3137,4136,Elisabet Tolosa Múñiz,3
3138,4137,Amador Oliveras Lucena,10
3139,4138,Susanita Garrido-Giner,2
3140,4139,Alejo Frías Benet,6
3141,4140,Baldomero Ferrer,10
3142,4141,Benigna Roxana Carranza Roman,7
3143,4142,Amaro Arias-Torrent,3
3144,4143,Ana Font Fortuny,6
3145,4144,Beatriz Josefina Quero Lillo,9
3146,4145,Cruz del Narváez,7
3147,4146,Milagros Soto Arévalo,2
3148,4147,Rosalía Nebot Aguirre,7
3149,4148,Rafael Romero,6
3150,4149,Rebeca Falcó Almagro,6
3151,4150,Filomena Andreu Aguirre,9
3152,4151,Graciana del Guijarro,4
3153,4152,Espiridión Mateo Sola Checa,9
3154,4153,Emiliana Valls Ocaña,8
3155,4154,Cándida Ferrándiz Torrens,1
3156,4155,Emelina Yésica Canals Busquets,4
3157,4156,Berto Ciro Borrell Cánovas,4
3158,4157,Juliana Rodríguez Nuñez,4
3159,4158,Isa Ferrando Cáceres,9
3160,4159,Alex Maza,4
3161,4160,Severo Pol Salgado,10
3162,4161,Yago Eugenio Torralba Franch,5
3163,4162,Lola Carpio Marco,2
3164,4163,Porfirio Mulet-Romero,1
3165,4164,Marcia Tomé,2
3166,4165,Armando Lalo Pablo Mayoral,8
3167,4166,Germán Heliodoro Ballester Anguita,9
3168,4167,Gabriela Ferrera,3
3169,4168,Evelia Montserrat Marín,1
3170,4169,Milagros Díaz Saura,8
3171,4170,Anastasio Ochoa-Alonso,10
3172,4171,Marcio del Bellido,3
3173,4172,Ale Rius Cortes,4
3174,4173,Ezequiel de Gimeno,2
3175,4174,Carmina Galindo Polo,6
3176,4175,Juanito de Gargallo,9
3177,4176,Alejo Peinado Prats,9
3178,4177,Esmeralda del Colom,5
3179,4178,Ambrosio Jeremías Diaz Verdú,8
3180,4179,Cándida Estévez Feijoo,5
3181,4180,Joaquín Benítez Lluch,5
3182,4181,Alicia Sastre,4
3183,4182,Casemiro Mateo Zapata,10
3184,4183,Vito Zaragoza Sanz,10
3185,4184,Flavia Vilar Ayuso,7
3186,4185,Armando de Galán,3
3187,4186,Clemente del Guerrero,8
3188,4187,Brunilda de Juliá,7
3189,4188,Rolando Humberto Solano Pulido,5
3190,4189,Aníbal Menendez Oliva,7
3191,4190,Matías Fidel Muro Lago,3
3192,4191,Ligia Ríos Cuadrado,5
3193,4192,Nélida Paniagua-Infante,1
3194,4193,Kike Campo Benítez,9
3195,4194,Montserrat Nicolau,10
3196,4195,Emperatriz Ayllón Valenzuela,10
3197,4196,Anacleto Tamayo Palomino,4
3198,4197,Yésica Trujillo Aroca,1
3199,4198,Aura del Cuesta,9
3200,4199,Leocadio Pardo Casas,6
3201,4200,Judith Comas Álvarez,7
3202,4201,Zacarías Velázquez,10
3203,4202,Rodolfo del Caro,4
3204,4203,Rodolfo Campoy Verdejo,7
3205,4204,Ulises Cases Malo,9
3206,4205,Adelardo Riera Duarte,6
3207,4206,Maximiano Raya Benitez,1
3208,4207,Dan Abel Salvador Vélez,6
3209,4208,Trini Godoy,9
3210,4209,Leonel del Villar,2
3211,4210,Remedios Guardia Baena,8
3212,4211,César Luque Corral,4
3213,4212,Isaac Narváez,2
3214,4213,Crescencia Cuervo,1
3215,4214,Rodolfo Román Baños,1
3216,4215,Jennifer Mariana Tenorio Ribes,4
3217,4216,René Acedo,10
3218,4217,Primitivo Miranda Calvo,1
3219,4218,Rosalinda Pino-Amador,9
3220,4219,Lupita del Carreras,7
3221,4220,Lucía Sacristán Abril,2
3222,4221,Cruz Cámara Rivera,10
3223,4222,Obdulia Ferreras,4
3224,4223,Ofelia Aguilar Blanca,10
3225,4224,Úrsula Tatiana Barriga Soriano,6
3226,4225,Rodolfo Morell Suárez,9
3227,4226,Leyre Cámara Carrión,8
3228,4227,Pancho Echevarría Almansa,7
3229,4228,Miguel Ángel Casanova,9
3230,4229,Ruy Ortuño Rosa,4
3231,4230,María Pintor Valcárcel,1
3232,4231,Jesús Vilalta Palacio,2
3233,4232,Dani Blázquez,2
3234,4233,Pilar Chus Exposito Vaquero,9
3235,4234,Paula Sierra Cerdán,4
3236,4235,Rufina Salvador Sanz,9
3237,4236,Pablo Collado,2
3238,4237,Sandalio Pavón Iriarte,2
3239,4238,Alfredo Hierro Galiano,2
3240,4239,Cristóbal Casemiro Cordero Bernad,10
3241,4240,Eliana Perez Pallarès,1
3242,4241,Guiomar Moll Pulido,4
3243,4242,Hermenegildo de Badía,6
3244,4243,Edgardo Rosado-Benito,7
3245,4244,Wálter Hipólito Belda Giménez,6
3246,4245,Calixto Oliver,3
3247,4246,Marcos Llorente Barrio,10
3248,4247,Charo Palacios,4
3249,4248,Mayte Valle-Alberdi,6
3250,4249,Guiomar del Gabaldón,10
3251,4250,Modesta Dominguez,8
3252,4251,Basilio del Duque,5
3253,4252,Sara Vaquero Vazquez,7
3254,4253,Ligia Pomares Ramón,6
3255,4254,Florina del España,3
3256,4255,Eustaquio Pallarès Bellido,5
3257,4256,Luis Ángel de Dávila,4
3258,4257,Custodia del Arco,8
3259,4258,Sabas Nicolás Rosales Martín,4
3260,4259,Josefina Madrigal Soria,4
3261,4260,Máxima Escobar Ibarra,10
3262,4261,Graciela Cárdenas Martin,3
3263,4262,Apolonia Amores Camacho,1
3264,4263,Pancho Vall Mate,6
3265,4264,Jose Lumbreras-Pou,1
3266,4265,César del Vilar,8
3267,4266,Yago Cañete Sanmiguel,5
3268,4267,Victor Manuel Gimenez-Naranjo,10
3269,4268,Nando Marin Mayo,2
3270,4269,Nilo de Valero,4
3271,4270,Rosenda Palomo Teruel,4
3272,4271,Ileana Baquero Manuel,9
3273,4272,Nando Mayo Clavero,1
3274,4273,Celestino del Ribas,7
3275,4274,Raimundo Garay Rivera,9
3276,4275,Baudelio Mohamed Moll Cabezas,6
3277,4276,Berto Llabrés Gaya,5
3278,4277,Nerea Alfonso Ríos,2
3279,4278,Vidal Moles Tolosa,10
3280,4279,Visitación Araujo Trillo,8
3281,4280,Ceferino Espinosa Carro,7
3282,4281,Dan Adadia Adán,3
3283,4282,Horacio Caro Poza,4
3284,4283,Azucena Valle Arévalo,7
3285,4284,Mariano del Tejera,3
3286,4285,Inmaculada Nogueira Gárate,8
3287,4286,Leocadio Bertrán-Méndez,2
3288,4287,Leopoldo Ferrer Fernandez,7
3289,4288,Glauco Campillo Monreal,4
3290,4289,Cipriano Espada Abascal,7
3291,4290,Adelina Andres-Losada,1
3292,4291,Graciana Clotilde Alberdi Hernando,10
3293,4292,Soraya Barroso Ribera,8
3294,4293,Espiridión Castells-Múñiz,2
3295,4294,Ramiro Canals Adadia,7
3296,4295,Amado Casemiro Giner Valdés,4
3297,4296,Aránzazu Nicolau Donaire,8
3298,4297,Victoriano Díaz Ballester,2
3299,4298,Borja Puga Galiano,1
3300,4299,Sigfrido Benavides Casanovas,2
3301,4300,Augusto Tello Mayol,9
3302,4301,Ana Guerrero,7
3303,4302,Octavia Belmonte Coca,2
3304,4303,Rosalía Soto Dalmau,3
3305,4304,Priscila Agustín Rojas,4
3306,4305,Magdalena Garrido Arellano,8
3307,4306,Jordi Acedo Cordero,6
3308,4307,Marisela Prado Estevez,9
3309,4308,Paola Nevado,1
3310,4309,Félix Llorens Llabrés,10
3311,4310,Leonardo Cuesta Viana,7
3312,4311,Bernabé Balaguer Pablo,9
3313,4312,Marita Manuelita Jurado Ariño,3
3314,4313,Inocencio Carlos Recio Narváez,10
3315,4314,Valerio Montes Salmerón,9
3316,4315,Cintia Velasco Canet,4
3317,4316,Maxi Vergara Franco,8
3318,4317,Benito Aliaga Pla,4
3319,4318,Eric Verdú Abascal,10
3320,4319,Fátima Anglada Girón,4
3321,4320,Dionisia Valentín Plana,4
3322,4321,Pascual Coello Riera,5
3323,4322,Maxi Gámez-Chamorro,3
3324,4323,Patricia Vilar Pedrero,9
3325,4324,Mercedes Vizcaíno,6
3326,4325,Jeremías Frías-Hidalgo,9
3327,4326,Isidora Azorin Jódar,9
3328,4327,Moreno Robles-Mosquera,10
3329,4328,Pastor de Artigas,2
3330,4329,Rodrigo Baró Palau,8
3331,4330,Modesta Villar Barriga,10
3332,4331,Luis Miguel de Abad,9
3333,4332,Ángel Tolosa-Conesa,4
3334,4333,Javiera Porta Roig,5
3335,4334,Antonia Carretero Castillo,3
3336,4335,Dionisio Mariscal-Saez,1
3337,4336,Calixta Cornejo Casals,3
3338,4337,Merche Tenorio Posada,8
3339,4338,Francisco de Ferrándiz,8
3340,4339,Arsenio Pavón Izaguirre,1
3341,4340,Asdrubal Pozuelo Beltrán,6
3342,4341,Rosaura Landa,2
3343,4342,Fátima Bosch Baró,5
3344,4343,Rubén Gilabert Ávila,1
3345,4344,Chelo Serrano Torrijos,4
3346,4345,Eustaquio Sastre Sola,7
3347,4346,Martina Nogueira-Costa,1
3348,4347,Baldomero Boada-Millán,5
3349,4348,Rocío Carpio,8
3350,4349,Valentín Armas Melero,4
3351,4350,Merche Batalla Barrera,4
3352,4351,Amado Gallo Vera,9
3353,4352,Julia Llano Daza,8
3354,4353,Eugenio Perera Yuste,1
3355,4354,Mar Palomares Manso,7
3356,4355,Juanita Segarra Chico,2
3357,4356,Silvestre Anacleto Casares Heredia,1
3358,4357,Elvira Aranda Armengol,1
3359,4358,Toni Perea Marcos,5
3360,4359,Olegario Santana Pons,3
3361,4360,Abigaíl Porcel Abella,5
3362,4361,Noelia Elvira Rojas Goicoechea,1
3363,4362,Marisela Navarro Acuña,1
3364,4363,Inocencio Reig Herrera,5
3365,4364,Marco Sanabria Bosch,5
3366,4365,Candelario Ballesteros Estrada,4
3367,4366,Severino del Sebastián,2
3368,4367,Trini Otero-Gallego,6
3369,4368,Casemiro Doménech Nogués,4
3370,4369,Ángel Larrañaga Busquets,10
3371,4370,Manuela Arana,6
3372,4371,Tere Ferrero Puga,9
3373,4372,Edgardo Norberto Torres Polo,5
3374,4373,Felicidad Tudela Crespi,1
3375,4374,Eloísa Falcó-Arévalo,1
3376,4375,Desiderio Valbuena,6
3377,4376,Loida Rosalva Cáceres Ojeda,4
3378,4377,Candelas Nicolás-Casanova,7
3379,4378,Candela Patricia Ortuño Fernández,3
3380,4379,Ciríaco Hervás Montaña,4
3381,4380,Belén del Francisco,9
3382,4381,Flavia Murillo,3
3383,4382,Rolando del Seco,2
3384,4383,Cándida Amo Andres,1
3385,4384,Candelario Frías Roig,6
3386,4385,Paulina Tamarit,10
3387,4386,Moreno Gutierrez Piña,3
3388,4387,Norberto Francisco Jose Solé Gascón,1
3389,4388,Gala del Coronado,5
3390,4389,Celso Casal Barberá,3
3391,4390,Elba Sierra Cerdá,2
3392,4391,Pablo Boix-Maza,10
3393,4392,Rosalina Martín Carbajo,7
3394,4393,Emperatriz Adela Guillen Pacheco,5
3395,4394,Rita Verdú Molins,4
3396,4395,Lucía Pont Barón,6
3397,4396,Nieves Merino,3
3398,4397,Leonardo Jurado-Martín,2
3399,4398,Marcela Ribes Hervás,3
3400,4399,Guillermo Tadeo Segura Gutierrez,10
3401,4400,Renata Alberola-Ruano,10
3402,4401,Bienvenida Arcelia Company Carbó,3
3403,4402,Roberto Grande Gimenez,3
3404,4403,Cristian Asdrubal Pons Marí,8
3405,4404,Azahar Pera Ibañez,3
3406,4405,Félix Álvarez Chamorro,8
3407,4406,Natanael Puig,3
3408,4407,Fernando Camacho,1
3409,4408,Belén Pujol Barral,8
3410,4409,Carmen Canals Cáceres,9
3411,4410,Antonia Losa Ballester,8
3412,4411,Clotilde Valdés Capdevila,8
3413,4412,Rocío Iborra,3
3414,4413,Agustín Cañas Solís,8
3415,4414,Lupe Somoza Tormo,7
3416,4415,Alicia Pavón Manzanares,2
3417,4416,Jose Carlos Herrera,1
3418,4417,Violeta Jordán Villalba,7
3419,4418,Jessica Barberá Izaguirre,6
3420,4419,Noelia Pol Bello,9
3421,4420,Mercedes Maribel Palomino López,9
3422,4421,Felipe Cuervo Sala,2
3423,4422,Juan Pablo Martín Pozo,3
3424,4423,Ana Sofía Cortés Amores,9
3425,4424,Calixta Ramis Ropero,3
3426,4425,Beatriz Hernandez Barreda,6
3427,4426,Estrella Infante Malo,7
3428,4427,Manu Daniela Bosch Gómez,3
3429,4428,Noelia Hurtado Pi,1
3430,4429,Eric Cáceres,7
3431,4430,Marco Saez Royo,4
3432,4431,Marcos Toro Vara,8
3433,4432,Melchor de Sáez,5
3434,4433,Paulino Paz Cuervo,9
3435,4434,Cecilia del Tena,4
3436,4435,Malena Mesa Coello,7
3437,4436,Ainara Bermúdez-Rocha,8
3438,4437,Fausto Montes Costa,3
3439,4438,Cosme Cardona Marqués,10
3440,4439,Xavier Sans Pozo,4
3441,4440,Apolinar del Mayoral,1
3442,4441,Godofredo Jordán Pelayo,10
3443,4442,Cipriano Torrents Díaz,3
3444,4443,Luciano Coronado Ribas,1
3445,4444,Matilde Conesa,3
3446,4445,Candelas Roura Jiménez,3
3447,4446,Nilda del Tejedor,5
3448,4447,Isaura Bustamante Pascual,5
3449,4448,Estela Guerrero Saura,4
3450,4449,Cayetano Teodoro Fonseca Vázquez,7
3451,4450,José Téllez,3
3452,4451,Guadalupe Cerezo-Valderrama,1
3453,4452,Noemí Pazos Exposito,7
3454,4453,María Ángeles Acedo Acosta,8
3455,4454,Fanny Hierro,2
3456,4455,Lope del Villaverde,2
3457,4456,Lorenza Gual Llano,4
3458,4457,Delia Infante Vidal,6
3459,4458,Pili del Lloret,4
3460,4459,Hector de Ariza,1
3461,4460,Petrona Pacheco-Campos,10
3462,4461,Nacho Ramiro Marco Villalobos,3
3463,4462,Saturnina Palomares Palomar,9
3464,4463,Jose Luis Ildefonso Roldan Camps,3
3465,4464,Luis Miguel Alfaro-Alvarez,6
3466,4465,Hilario Vázquez Jódar,10
3467,4466,Feliciano Simó Vilar,4
3468,4467,Jose Miguel Español Simó,1
3469,4468,Nadia de Pedrero,8
3470,4469,Nazaret Morell Lluch,4
3471,4470,Chelo Andres Seco,1
3472,4471,Ernesto Ballesteros Tomas,7
3473,4472,Edelmira Ámbar Armas Rosado,2
3474,4473,Lucila Blazquez Calderon,6
3475,4474,Victor Manuel de Pinilla,10
3476,4475,Marco Aragón Solé,6
3477,4476,Alma Gordillo-Olivé,1
3478,4477,Ester Cordero Serna,9
3479,4478,Pacífica Ros Vélez,1
3480,4479,Narcisa Donaire Amigó,10
3481,4480,Lalo Valbuena-Vara,1
3482,4481,Omar Plana-Morata,4
3483,4482,Pablo Anastasio Pla Pagès,1
3484,4483,Benjamín Villanueva Figueras,3
3485,4484,Jerónimo Alvarez Pinilla,7
3486,4485,Maura de Bou,6
3487,4486,Lourdes Salgado,6
3488,4487,Francisco Javier Aragón,6
3489,4488,Eugenio Quintero Pizarro,10
3490,4489,Ale Calvo Hierro,2
3491,4490,Bárbara Carnero Vendrell,2
3492,4491,Zacarías Nicolás Giralt,7
3493,4492,Ricardo Antonio Cózar Cordero,5
3494,4493,Narcisa Jerez,1
3495,4494,Marcial Castañeda Ramón,7
3496,4495,Marcela Celestina Rosa Peralta,4
3497,4496,Noelia Sánchez Rocamora,4
3498,4497,Jenny Julieta Alegria Torrijos,9
3499,4498,Martin Arenas Muñoz,4
3500,4499,Daniel Ciríaco Araujo Juárez,7
3501,4500,Flor Valdés Mora,7
3502,4501,Isa Querol Rojas,5
3503,4502,Aristides Heredia Coca,5
3504,4503,Cristóbal Belda-Ramón,6
3505,4504,Mirta de Heras,9
3506,4505,Azucena del Abascal,1
3507,4506,Alondra Solano-Elías,10
3508,4507,Felicia Crescencia Calderon Vall,8
3509,4508,Ema Pulido,5
3510,4509,Eusebia Sierra Vall,2
3511,4510,Nacho Rocamora Español,2
3512,4511,Gabino Amaya Becerra,8
3513,4512,Marc Nico Sanchez Garmendia,4
3514,4513,Elías de Zamorano,7
3515,4514,Reinaldo Costa,2
3516,4515,Nerea Florencia Esteban Clavero,4
3517,4516,Vanesa Aguilera Barceló,8
3518,4517,Anunciación Aguiló Machado,1
3519,4518,Pablo del Montalbán,5
3520,4519,Herberto Arsenio Murcia Roselló,2
3521,4520,Abraham Cardona,10
3522,4521,Jennifer Carreras Bonilla,7
3523,4522,Eugenio del Checa,6
3524,4523,Mauricio Cárdenas,5
3525,4524,Zoraida del Montserrat,7
3526,4525,Humberto Sáez Losada,4
3527,4526,Emigdio Alegria Pont,8
3528,4527,Marcio Báez Salas,2
3529,4528,Vasco Nogués Priego,7
3530,4529,Ricardo Botella Cifuentes,10
3531,4530,María Cristina Soledad Iglesia Salcedo,8
3532,4531,Heliodoro Múñiz Segura,10
3533,4532,Isidora Palacio Arteaga,8
3534,4533,Daniel de Villena,1
3535,4534,Bernabé Galiano Galvez,7
3536,4535,Jenny Soler Aparicio,8
3537,4536,Joaquín Eliseo Robledo Donoso,8
3538,4537,Ceferino Tolosa Noriega,9
3539,4538,Mohamed Menendez Ricart,9
3540,4539,Aránzazu Esteve Roig,1
3541,4540,Natividad Gomis Palacio,8
3542,4541,Cirino Tejada Mendoza,2
3543,4542,Delfina Sans Muñoz,9
3544,4543,Cleto Hoyos-Alberola,8
3545,4544,Guadalupe González Marcos,4
3546,4545,Azahar Calvet Cózar,1
3547,4546,Silvestre Asensio Boix,2
